634,1.0630301364358,1.66869838367699e-27,1.14443558602165e-35,3.47104099567696e-15,0.363867705890289,7.29416285204307e-35,3.15842055829723,1.83762716160904,8.14556503809716,3.62373752665437,0.012150585609624
633,1.06310844124162,-1.82685775740015e-27,1.86219886511847e-35,-5.83214553007573e-16,0.364360941411336,-6.00732714567884e-35,3.15775772058626,1.85396425356442,8.21798171098714,3.794976080094,0.012150585609624
632,1.06318142170822,-9.81413395468687e-28,-1.95589632596107e-35,1.90970216422615e-15,0.36487938933702,1.79299990040847e-34,3.157097302709,1.87033147574411,8.29053194073063,3.97559603072478,0.012150585609624
631,1.06324895070646,-1.0312730796863e-27,1.36465021814631e-35,7.09867775770695e-16,0.365423604478378,-3.99374573033857e-34,3.15643917047761,1.88672593477796,8.36320290201947,4.16605910576756,0.012150585609624
630,1.06331091517211,-4.15112237838221e-28,4.22828991410623e-36,-2.55745879390702e-17,0.365994070635787,-1.82363622192677e-34,3.15578318829499,1.9031448478026,8.43598225938377,4.3668454827674,0.012150585609624
629,1.06336721498696,-1.43917125970498e-27,-4.04518830186643e-35,7.39805993332625e-16,0.366591207319769,7.69524519796348e-34,3.15512921984472,1.91958553506756,8.50885813441738,4.57845407684209,0.012150585609624
628,1.0634177619994,1.03649542253227e-27,-1.02472801677971e-35,1.31434147754119e-15,0.367215375649066,4.09520191307407e-34,3.15447712868398,1.9360454140726,8.58181907979073,4.80140279920307,0.012150585609624
627,1.06346247916209,5.85395190654361e-28,5.84143206158794e-36,1.43052984581974e-15,0.367866883549856,-7.80227028518601e-35,3.15382677875581,1.95252199492669,8.6548540586789,5.03622878425945,0.012150585609624
626,1.06350129976815,-1.17704725028276e-27,9.66623698360552e-36,-1.24331535198546e-15,0.368545990358921,-2.26912470365942e-34,3.15317803483374,1.96901287668095,8.72795242850671,5.28348858268102,0.012150585609624
625,1.06353416677034,-4.99477363705095e-29,-6.69852700751196e-36,4.00226899334406e-15,0.369252910917092,3.02590613000888e-35,3.15253076290953,1.98551574443449,8.80110392811986,5.54375831807361,0.012150585609624
624,1.06356103217045,8.20583890243501e-28,-2.07490824131961e-36,4.95005680648023e-15,0.369987819225606,3.50437641183171e-34,3.15188483053224,2.00202836705049,8.87429866766126,5.81763380486472,0.012150585609624
623,1.06358185646824,-6.90485178946889e-28,2.02019724448349e-36,4.45195072032988e-15,0.370750851726264,-2.84854699134384e-34,3.15124010710578,2.01854859534982,8.94752712056386,6.10573062537483,0.012150585609624
622,1.06359660816096,8.23289972392518e-28,7.31823293558608e-36,3.69666838632323e-15,0.37154211025701,1.91845086158013e-34,3.15059646415032,2.03507436067396,9.02078011718056,6.40868416401669,0.012150585609624
621,1.06360526328604,-2.46825162074191e-28,-1.83932723480033e-36,2.57923886520661e-15,0.372361664726114,-1.75697099855576e-34,3.14995377553237,2.05160367372889,9.09404883965969,6.72714959692336,0.012150585609624
620,1.06360780500068,5.24113513331671e-28,6.16996780937464e-36,5.31475868852221e-15,0.373209555542096,5.96265836034759e-35,3.1493119176673,2.06813462363718,9.16732481774305,7.06180183529974,0.012150585609624
619,1.06360422319314,-5.88793967947657e-28,-5.71017043898562e-36,2.55240647834688e-15,0.374085795830437,2.63524298030508e-34,3.1486707696973,2.08466537713895,9.24059992522434,7.41333542106191,0.012150585609624
618,1.0635945141214,-1.36863581596106e-27,1.45116614318935e-35,2.84655101158429e-15,0.374990373463433,-3.48863397108031e-34,3.14803021364786,2.10119417789358,9.31386637685358,7.78246437369277,0.012150585609624
617,1.06357868007552,-8.37539408178009e-28,-1.02984956760607e-35,2.8265602067568e-15,0.37592325292611,1.17662025400518e-34,3.14739013456444,2.11771934584189,9.38711672551005,8.16992198692411,0.012150585609624
616,1.06355672906051,-8.26223942605356e-28,3.92997378427402e-36,2.5266608197204e-15,0.376884377037147,-1.48284204252416e-34,3.14675042063179,2.13423927659697,9.46034385950197,8.57646057483833,0.012150585609624
615,1.06352867449742,-1.76029633240347e-28,3.00600537799145e-37,7.06509260443572e-16,0.377873668541368,-6.79623079187444e-35,3.14611096327716,2.15075244083762,9.53354099987794,9.00285116630179,0.012150585609624
614,1.06349453494021,7.96181720655973e-28,2.08673206144996e-36,2.74767819958796e-15,0.378891031587682,6.75718233890807e-35,3.14547165725905,2.1672573836838,9.60670169765837,9.44988314768931,0.012150585609624
613,1.06345433380683,-1.07604263006691e-27,-8.57696468423857e-36,5.97683738392424e-15,0.37993635310479,3.27914067395462e-34,3.14483240074265,2.18375272403708,9.6798198309121,9.91836385348121,0.012150585609624
612,1.06340809912289,-4.76887837222854e-28,6.76721995863814e-36,6.87630113978173e-15,0.381009504084593,-1.14745513713533e-34,3.14419309536298,2.20023715387432,9.75288960162536,10.4091181047312,0.012150585609624
611,1.06335586327675,-1.00388881243256e-27,-1.29432259518852e-35,1.12560365018154e-15,0.382110340782529,1.57149635709524e-34,3.14355364627697,2.21670943748417,9.82590553231748,10.9229876957175,0.012150585609624
610,1.06329766278493,8.92792107063795e-29,6.77396986760575e-36,3.86127937549532e-15,0.383238705842344,-3.1147220750532e-34,3.14291396220495,2.23316841063982,9.89886246237407,11.4608308290398,0.012150585609624
609,1.06323353806702,-3.05866426320534e-29,-2.67581085155539e-36,4.11113121660997e-15,0.384394429351669,2.41950349190821e-34,3.14227395546267,2.24961297970365,9.97175554407824,12.023521500076,0.012150585609624
608,1.06316353322938,9.31696989722836e-28,4.31654382591406e-36,4.70574025192675e-15,0.385577329834617,-8.1403879190531e-35,3.14163354198445,2.26604212066045,10.044580238325,12.6119488311592,0.012150585609624
607,1.06308769585699,3.16509787070524e-28,1.12297248262583e-35,3.89758487547005e-15,0.386787215185931,-1.67076318160233e-34,3.14099264133796,2.28245487807829,10.1173323100153,13.227016357003,0.012150585609624
606,1.06300607681302,-1.28896627483759e-27,-2.18592587673761e-36,3.91789454712468e-15,0.388023883551195,4.87872399919482e-35,3.14035117673157,2.29885036399742,10.1900078231311,13.8696412622931,0.012150585609624
605,1.06291873004563,1.48743634061003e-27,2.07933930400924e-36,7.94704802254608e-15,0.389287124156889,-1.40414269573661e-34,3.13970907501445,2.31522775674826,10.2626031354956,14.5407535727862,0.012150585609624
604,1.06282571240174,3.60497129622063e-28,-6.78480645615239e-37,3.53120251856057e-15,0.39057671809356,-1.24739787089415e-34,3.13906626667021,2.33158629970087,10.3351148932301,15.2412953018573,0.012150585609624
603,1.06272708344742,1.08653186331545e-27,-3.15851543851732e-36,5.57686869022941e-15,0.391892439055229,2.02932569280159e-35,3.13842268580445,2.34792529994876,10.4075400249201,15.9722195537265,0.012150585609624
602,1.06262290529471,-3.35548699185253e-28,-7.63012923941266e-36,4.07548697486667e-15,0.39323405403731,-5.00995692320459e-35,3.13777827012672,2.36424412693103,10.4798757355074,16.7344895857472,0.012150585609624
601,1.06251324243463,-7.55813917612592e-28,3.82875958807089e-36,4.90669478976374e-15,0.394601323995729,6.91646182344449e-35,3.13713296092724,2.3805422109967,10.5521194999265,17.5290778313474,0.012150585609624
600,1.06239816157618,-8.12062092292319e-28,5.549963415938e-37,4.04156716310604e-16,0.395994004469222,1.17114318501432e-34,3.13648670304895,2.39681904191554,10.6242690565032,18.3569648862398,0.012150585609624
599,1.06227773149122,2.17712649666807e-28,-2.04749534571645e-36,1.44190873852777e-15,0.397411846166651,2.14152295516774e-34,3.13583944485498,2.4130741673408,10.6963224001412,19.2191384597271,0.012150585609624
598,1.06215202286512,5.94951699995192e-28,6.37963398682184e-36,5.23948076199008e-15,0.398854595521051,-2.41473447459272e-34,3.13519113819232,2.42930719122842,10.7682777753142,20.1165922942416,0.012150585609624
597,1.06202110815292,4.06387533539549e-29,8.01540210466947e-36,5.73490531028044e-15,0.400321995212286,-2.97152987355626e-34,3.13454173835161,2.44551777221758,10.8401336688878,21.050325054496,0.012150585609624
596,1.06188506144105,1.22527955295689e-28,4.3429006133114e-36,6.29332007016013e-15,0.401813784659394,-1.5236794509557e-34,3.13389120402358,2.46170562197845,10.9118888027957,22.0213391899558,0.012150585609624
595,1.06174395831433,2.01575155626377e-28,-4.02317533343736e-36,1.91137919926228e-15,0.403329700484276,5.7155657743849e-35,3.13323949725253,2.47787050353154,10.9835421265899,23.0306397731769,0.012150585609624
594,1.06159787572831,4.49676237956673e-28,1.17925817123514e-35,3.01963567099332e-15,0.404869476948035,-1.22350594821369e-34,3.13258658338691,2.49401222954411,11.0550928098892,24.0792333154412,0.012150585609624
593,1.0614468918867,-1.50873388115136e-27,-1.67564194233573e-36,1.27840271669706e-15,0.406432846360815,8.52380341140011e-35,3.13193243102739,2.51013066060879,11.1265402347491,25.1681265648545,0.012150585609624
592,1.06129108612383,6.57236322850552e-28,-1.2517637303815e-36,6.32602460372208e-15,0.408019539466913,-6.7370887323487e-35,3.13127701197272,2.52622570350862,11.1978839879709,26.2983252872418,0.012150585609624
591,1.06113053879205,-1.44437756573556e-27,-5.64411775837398e-36,3.36254778605953e-15,0.409629285805651,2.27324077059722e-35,3.13062030116356,2.54229730947385,11.2691238533753,27.4708330346151,0.012150585609624
590,1.06096533115398,1.45751642830271e-27,-5.23269473558618e-36,1.45698094069983e-15,0.411261814049487,2.49125915683125e-34,3.12996227662444,2.55834547243458,11.3402598040565,28.6866499030272,0.012150585609624
589,1.06079554527938,-1.25188183782375e-28,-3.28856024079555e-36,7.30250919109097e-15,0.412916852320143,2.15219423982129e-34,3.12930291940424,2.57437022727374,11.4112919946384,29.9467712840997,0.012150585609624
588,1.06062126394667,-6.95888206675775e-29,4.56468333653295e-37,2.36174715101811e-15,0.414594128483811,1.11675269405979e-34,3.12864221351514,2.59037164808431,11.4822207535496,31.2521866094004,0.012150585609624
587,1.06044257054887,-5.46876483339017e-28,-5.46539440341351e-36,7.77982114634697e-15,0.416293370426449,1.33054940253544e-35,3.12798014587052,2.60634984643458,11.5530465753337,32.6038780975075,0.012150585609624
586,1.06025954900395,-1.83770096963411e-28,-8.80931996895531e-36,-9.20705792107229e-16,0.418014306309906,1.54629899283689e-34,3.12731670622165,2.62230496964513,11.6237701130118,34.0028194983191,0.012150585609624
585,1.06007228366927,1.06329620553499e-28,1.08561839456357e-35,8.46132053804611e-15,0.419756664809925,-1.33636075273232e-34,3.12665188709369,2.63823719908087,11.6943921705118,35.4499748446121,0.012150585609624
584,1.0598808592603,-1.09385434163999e-28,-2.5457258712476e-36,1.00791805216796e-14,0.421520175336705,-2.5041703092361e-35,3.12598568372076,2.65414674846122,11.7649136951779,36.9462972090829,0.012150585609624
583,1.05968536077308,6.2103875930809e-28,-5.97889831989943e-36,8.12004558138353e-15,0.42330456823921,-1.69177881654313e-34,3.12531809398055,2.67003386219069,11.8353357703706,38.49272747084,0.012150585609624
582,1.05948587341076,-1.05086040073326e-28,5.5600194027673e-36,3.98090646411141e-15,0.425109574993393,6.87928681459973e-35,3.12464911832847,2.68589881371381,11.9056596081749,40.0901930966406,0.012150585609624
581,1.05928248251363,-1.6672106494775e-28,6.71836347468208e-36,-8.69115505601214e-16,0.426934928375902,-4.194090375337e-35,3.12397875973132,2.70174190389498,11.9758865422186,41.7396069336115,0.012150585609624
580,1.05907527349286,1.11217724446454e-27,2.94688627733974e-36,1.21476583132984e-15,0.428780362623371,-6.40427689427214e-35,3.12330702360089,2.71756345942677,12.0460180206167,43.4418660242097,0.012150585609624
579,1.05886433176764,-1.36453456701815e-27,2.1514531273673e-36,5.44837843015484e-15,0.43064561357832,-4.06501558548694e-35,3.12263391772729,2.73336383126807,12.1160555990484,45.1978504373262,0.012150585609624
578,1.05864974270564,-6.04517533144155e-28,2.4484261630682e-36,3.14260392773932e-15,0.432530418822464,-6.11484814458061e-35,3.12195945221228,2.74914339311332,12.1860009339718,47.0084221247605,0.012150585609624
577,1.05843159156666,1.02737764839054e-27,-6.18971244104861e-37,3.40019892413557e-15,0.434434517797919,1.28276923059436e-34,3.12128363940264,2.76490253989491,12.2558557759855,48.8744238002845,0.012150585609624
576,1.05820996344933,-6.91900711242857e-28,-1.83028143842876e-37,4.87717131450754e-15,0.436357651917006,1.95351549072317e-35,3.12060649382364,2.78064168631979,12.3256219633419,50.7966778500853,0.012150585609624
575,1.05798494324073,-9.74098917264831e-28,-2.565723050536e-36,6.3907650273643e-15,0.438299564661465,9.98455029272614e-35,3.11992803211266,2.79636126544112,12.3953014156157,52.7759852661991,0.012150585609624
574,1.05775661556885,3.49852759874742e-28,-2.62322355056792e-36,6.30697906513113e-15,0.440260001671464,5.29776936816373e-35,3.11924827295311,2.81206172726626,12.4648961275337,54.8131246177155,0.012150585609624
573,1.05752506475769,3.02285674143965e-28,3.00623496673184e-37,2.92875792157385e-15,0.442238710825177,5.81243385573235e-35,3.11856723700861,2.82774353740141,12.534408162967,56.908851050488,0.012150585609624
572,1.05729037478496,-1.44885940941086e-27,4.18404816383212e-36,5.59309758605105e-15,0.444235442309464,4.11107108681017e-35,3.11788494685754,2.84340717573365,12.6038396490889,59.0638953256815,0.012150585609624
571,1.05705262924216,1.25405091313223e-28,-5.04854160691537e-37,8.38181262979733e-15,0.446249948682113,5.79724426466782e-35,3.11720142692795,2.85905313515104,12.6731927707015,61.2789628914428,0.012150585609624
570,1.05681191129706,1.45623672388271e-28,8.46792151198797e-37,7.29003712585797e-15,0.44828198492634,-5.40271897317309e-35,3.116516703433,2.87468192030047,12.7424697647299,63.5547329964682,0.012150585609624
569,1.05656830365836,1.4318411409581e-29,-5.74878726512005e-36,4.72935565606367e-15,0.450331308497856,-8.78090606644402e-35,3.11583080430681,2.89029404638415,12.811672914887,65.8918578408447,0.012150585609624
568,1.05632188854246,-1.31900209113181e-27,-1.81054828619182e-36,-3.59272692635657e-15,0.452397679365293,-1.97743863747233e-35,3.11514375914079,2.90589003799392,12.8808045465068,68.2909617677496,0.012150585609624
567,1.0560727476422,1.23657530999179e-28,1.10299022660555e-36,6.55284844841136e-15,0.454480860043965,-4.23863059097362e-35,3.11445559912066,2.92147042798444,12.9498670215497,70.7526405000775,0.012150585609624
566,1.05582096209754,2.72404027480909e-28,-2.18752151848335e-36,8.04564602020755e-15,0.456580615624094,6.94753895534435e-36,3.11376635696387,2.93703575638379,13.0188627337731,73.2774604182706,0.012150585609624
565,1.05556661246807,-7.46505642882812e-29,2.41965869389671e-36,1.6793134916539e-15,0.458696713793132,-9.86891792362621e-36,3.11307606685778,2.95258656934267,13.0877941040739,75.8659578886676,0.012150585609624
564,1.05530977870711,-3.93430832197971e-29,-6.24715554389543e-36,-5.60820304466946e-15,0.46082892485334,2.73008562978476e-35,3.11238476439835,2.96812341812035,13.1566635759939,78.5186386234055,0.012150585609624
563,1.05505054013755,6.99938443743511e-28,4.82146973308697e-36,-3.20782125595467e-15,0.462977021734413,-7.51958226091248e-36,3.11169248652951,2.98364685810867,13.2254736113925,81.2359770961533,0.012150585609624
562,1.05478897542915,-1.13580410265513e-27,-2.00000491476575e-37,-4.29544294984441e-15,0.465140780001976,1.6447002677927e-35,3.11099927148324,2.99915744789196,13.2942266862809,84.0184160149103,0.012150585609624
561,1.0545251625773,-3.71019432453676e-28,-9.53711627600739e-38,1.2808263805659e-15,0.467319977861951,-8.22691761942056e-35,3.11030515872019,3.01465574834367,13.3629252868168,86.8663658066273,0.012150585609624
560,1.05425917888316,-2.14238947218026e-28,-3.05454904728871e-36,-5.00835395029356e-15,0.46951439616129,-1.92703931718082e-35,3.10961018887118,3.03014232175881,13.4315719054595,89.7802041992035,0.012150585609624
559,1.05399110093506,-2.89957658831392e-28,1.22370798630523e-37,-5.4261039587944e-15,0.471723818385393,-2.30952497512924e-35,3.10891440367929,3.04561773102113,13.5001690372776,92.7602758069626,0.012150585609624
558,1.05372100459116,-4.43695120696863e-28,1.48717111041586e-36,-1.02192258785816e-14,0.473948030652505,1.01529651132429e-35,3.10821784594266,3.06108253880509,13.5687191764122,95.8068917924296,0.012150585609624
557,1.05344896496321,-6.98297883637351e-28,-1.54188928190012e-36,-8.71100253210733e-15,0.476186821705282,3.62731842724834e-35,3.10752055945806,3.0765373068117,13.6372248126896,98.9203295540691,0.012150585609624
556,1.05317505640144,2.52911551458661e-28,-3.16235531020043e-37,-1.04479374736436e-14,0.478439982899899,-8.67079702846615e-35,3.10682258896522,3.09198259503753,13.7056884283805,102.100832482571,0.012150585609624
555,1.05289935248046,1.09850842898025e-27,4.57680562202581e-36,-3.37635214030302e-15,0.48070730819289,1.26123197003539e-35,3.10612398009182,3.10741896107631,13.774112495105,105.348609751581,0.012150585609624
554,1.05262192598612,-4.79577060801438e-28,1.78790509667036e-36,-2.80756499623467e-15,0.482988594126005,-6.16289647617047e-35,3.10542477929932,3.12284695945225,13.842499470877,108.663836158729,0.012150585609624
553,1.05234284890328,-1.52045912705259e-28,-1.52306013532848e-36,-6.45320698718339e-15,0.485283639809154,-2.47202788558081e-35,3.10472503382956,3.13826714098488,13.9108517972887,112.046651999864,0.012150585609624
552,1.05206219240444,-7.56625297533621e-28,1.43731735036872e-36,8.37781707853997e-15,0.487592246901917,1.62917088539238e-35,3.10402479165206,3.15368005218386,13.9791718968283,115.497163049471,0.012150585609624
551,1.05178002683923,1.04522871907329e-27,-5.58079718377305e-36,-2.86216325080321e-15,0.489914219593531,-1.37581741447912e-35,3.10332410141211,3.16908623467396,14.0474621703308,119.015440480088,0.012150585609624
550,1.05149642172459,2.46882102352717e-28,-2.57401120406426e-36,4.88667752842021e-15,0.492249364581792,-7.16427072627721e-36,3.10262301237975,3.18448622464846,14.1157249945554,122.601520935439,0.012150585609624
549,1.05121144573572,7.78653502047497e-28,4.21916376167553e-36,7.46349486741988e-16,0.494597491050681,9.51590227639489e-36,3.10192157439943,3.19988055235181,14.1839627198922,126.255406568814,0.012150585609624
548,1.05092516669775,-4.05055679914276e-28,-3.39173455086979e-36,-7.25076031160769e-15,0.496958410647398,-1.9897445939575e-35,3.10121983784045,3.21526974158874,14.2521776681863,129.977065184782,0.012150585609624
547,1.05063765157797,-4.44316085303146e-28,6.72051586912329e-36,-2.04077551571187e-15,0.499331937458453,1.11800533022739e-35,3.10051785354837,3.230654309261,14.3203721306842,133.766430363218,0.012150585609624
546,1.05034896647878,-6.53877371082518e-28,4.55377787136419e-36,1.8474436559926e-15,0.501717887985219,2.93583387537713e-35,3.09981567279699,3.24603476493009,14.3885483660955,137.623401683942,0.012150585609624
545,1.05005917663113,1.01642225740236e-27,1.62215924526072e-37,1.0901394480317e-14,0.504116081118971,2.85899970751654e-35,3.09911334724137,3.26141161040542,14.4567085987678,141.547844935402,0.012150585609624
544,1.04976834638861,-4.07399597652998e-28,-5.96457772221729e-36,5.24969069867595e-15,0.506526338115629,3.19495691133651e-36,3.09841092887155,3.27678533935728,14.5248550169703,145.539592431039,0.012150585609624
543,1.04947653922196,5.90265976634244e-28,-5.24362315962898e-36,1.32870348975522e-14,0.508948482570266,-1.54081595453878e-35,3.09770846996711,3.29215643695377,14.5929897712855,149.598443250402,0.012150585609624
542,1.04918381771421,-4.32881192795465e-29,5.32659653040773e-36,1.10960861866973e-14,0.511382340391339,2.0299685412747e-35,3.09700602305259,3.3075253795215,14.6611149731043,153.724163751025,0.012150585609624
541,1.0488902435562,-5.7208553536725e-28,-3.34928646263002e-36,4.74531602245622e-15,0.51382773977503,7.21356802061482e-35,3.09630364085376,3.32289263422878,14.729232693222,157.916487742353,0.012150585609624
540,1.04859587754256,6.98569642755629e-28,-2.2254495783966e-36,5.84525184299728e-15,0.516284511179549,1.40421983755338e-35,3.09560137625464,3.33825865879096,14.7973449605323,162.17511703193,0.012150585609624
539,1.04830077956823,-3.3496892212015e-28,4.93664005484686e-36,9.47710375588912e-15,0.518752487299462,-2.95611115292881e-35,3.09489928225555,3.35362390119764,14.8654537608181,166.49972188392,0.012150585609624
538,1.04800500862531,1.37250088790088e-27,-2.30602087697896e-36,1.26353115659749e-14,0.521231503040376,-4.74541559297188e-35,3.09419741193184,3.36898879946015,14.9335610356319,170.889941493103,0.012150585609624
537,1.04770862280033,3.05334515344253e-28,-2.69438458065334e-36,5.9776309855619e-15,0.523721395493671,3.29244947405784e-35,3.09349581839355,3.38435378137991,15.0016686812693,175.34538440507,0.012150585609624
536,1.04741167927195,-2.6712549891652e-28,-4.01272043617162e-36,-9.89758614519247e-16,0.526222003911688,-3.2166300884298e-35,3.09279455474604,3.39971926433597,15.0697785478272,179.865629268136,0.012150585609624
535,1.047114234309,9.70988697327264e-28,6.53732127344362e-36,1.24011477884931e-14,0.528733169683204,1.24206360609981e-35,3.09209367405128,3.41508565509189,15.1378924383476,184.450225101154,0.012150585609624
534,1.04681634326891,-6.76123691938041e-28,2.66148451415474e-36,1.96480490966516e-15,0.531254736309238,-5.95718496477657e-35,3.09139322929022,3.4304533496211,15.2060121080437,189.098692322716,0.012150585609624
533,1.04651806059649,2.4446801502156e-28,-1.78835853443264e-36,3.40306773501316e-15,0.533786549379454,-5.29726427293486e-35,3.09069327332593,3.44582273294997,15.274139263604,193.810522802947,0.012150585609624
532,1.04621943982305,3.16052117184014e-28,7.55576544639873e-36,1.41766120266139e-15,0.536328456548846,8.51987285216455e-35,3.08999385886773,3.46119417901859,15.3422755625755,198.585181136509,0.012150585609624
531,1.04592053356588,9.98482453306026e-29,-2.4945630966478e-36,-3.16034689941885e-15,0.538880307515092,2.67770266277624e-35,3.08929503843605,3.47656805055803,15.4104226128194,203.422104753742,0.012150585609624
530,1.045621393528,-4.46730242235323e-28,1.45458242364642e-36,-6.56664664563128e-15,0.541441953996327,-9.65426163490652e-35,3.08859686432841,3.49194469898399,15.47858197204,208.320704945784,0.012150585609624
529,1.04532207049834,9.62106637262417e-28,-1.7178288733833e-36,-2.73015322021172e-15,0.544013249709465,-1.89085613169458e-35,3.08789938858615,3.50732446430648,15.5467551473839,213.280367484224,0.012150585609624
528,1.04502261435212,1.07952559804943e-27,-2.26627045643883e-36,-9.46711572664326e-16,0.546594050349215,7.48518068405169e-35,3.0872026629621,3.52270767505401,15.6149435951042,218.300453121031,0.012150585609624
527,1.0447230740516,-7.07674505543656e-28,-1.09632526547189e-35,-4.7464227085012e-15,0.549184213567429,-2.86747153203712e-35,3.08650673888923,3.53809464821357,15.6831487202945,223.380298911389,0.012150585609624
526,1.04442349764716,5.91663591404305e-28,5.51536439276048e-36,-1.02891557832679e-14,0.551783598953339,3.16501853958901e-35,3.08581166745016,3.55348568918362,15.7513718766804,228.519217955032,0.012150585609624
525,1.0441239322786,-7.55348011046717e-28,2.99158720509464e-36,-1.01562287452992e-14,0.554392068014127,-7.23109023328176e-35,3.08511749934762,3.56888109174172,15.8196143664763,233.716501494161,0.012150585609624
524,1.04382442417683,-7.06122560314232e-29,-9.14981729011659e-36,-6.62942554256466e-15,0.557009484156259,-5.56082296335868e-35,3.0844242848758,3.58428113802495,15.887877440298,238.971418210224,0.012150585609624
523,1.04352501866577,1.3041426531017e-29,1.36846368712427e-37,-9.52727609214044e-15,0.559635712667317,-8.69131135639229e-37,3.08373207389272,3.59968609852321,15.9561622971338,244.283216331367,0.012150585609624
522,1.0432257601646,-5.35555596591762e-28,-3.12011098196775e-37,-8.69108235033243e-15,0.562270620698495,-9.16485190878135e-35,3.08304091579343,3.6150962320847,16.0244700843679,249.651123593075,0.012150585609624
521,1.04292669219028,6.52530950484396e-28,-4.21752794190022e-36,5.57233592368424e-15,0.564914077247617,9.26678930951672e-35,3.08235085948423,3.63051178593335,16.0928018978586,255.074348026585,0.012150585609624
520,1.04262785736031,1.05700257566261e-27,-2.51073109447882e-35,2.52000853282026e-15,0.567565953142789,-3.4177498250158e-35,3.08166195335775,3.64593299569752,16.1611587820647,260.552079401558,0.012150585609624
519,1.04232929739585,-2.48551805122629e-27,-1.52340573812926e-35,-4.75843489213538e-15,0.570226121026629,-4.79752305349192e-35,3.08097424526906,3.66136008544942,16.2295417302209,266.083489260427,0.012150585609624
518,1.04203105312505,1.39675709036792e-27,-4.58608100713777e-36,-4.93028166708727e-15,0.572894455340944,4.62263153460865e-36,3.08028778251268,3.6767932677555,16.2979516845606,271.667732389167,0.012150585609624
517,1.04173316448667,3.14139543544542e-27,-7.64553464389316e-36,-1.13999368848726e-15,0.575570832312123,-1.09614113530209e-34,3.07960261180044,3.69223274373615,16.3663895365808,277.30394695521,0.012150585609624
516,1.04143567053401,5.03161369215998e-28,2.05132947768105e-36,-1.69441056492337e-14,0.5782551299369,2.66396407255101e-35,3.07891877924044,3.70767870313559,16.434856127352,282.991255965951,0.012150585609624
515,1.04113860943905,1.03063421953181e-27,1.3541539949073e-35,-9.65680040518355e-15,0.58094722796875,1.36339712280123e-34,3.07823633031686,3.72313132440049,16.5033522478665,288.728767327542,0.012150585609624
514,1.04084201849693,-1.00491967987119e-27,-1.51984991076591e-35,-8.55920665552798e-15,0.583647007904698,2.36009878286345e-35,3.07755530987066,3.73859077476745,16.5718786394263,294.515575187056,0.012150585609624
513,1.04054593413059,-5.28049075131032e-28,-3.55199036152474e-36,-6.68027534293976e-15,0.586354352972549,-9.68017072426009e-35,3.0768757620814,3.75405721035914,16.6404359940691,300.350761499874,0.012150585609624
512,1.0402503918958,-1.26364068286825e-27,1.65339249750405e-35,-1.66672847763635e-14,0.589069148118832,-7.11321019041337e-36,3.07619773044965,3.76953077628741,16.7090249550255,306.233394434677,0.012150585609624
511,1.03995542648632,8.81003060183996e-28,-1.71620797687612e-35,-1.1205120976135e-14,0.59179127999674,1.62071283619623e-35,3.07552125778075,3.78501160676509,16.7776461172145,312.162531223521,0.012150585609624
510,1.03966107173942,1.02835014388302e-27,1.00969454605865e-35,4.21919249058873e-15,0.594520636954901,1.43452922470536e-34,3.07484638616918,3.80049982522392,16.8463000277663,318.137219642812,0.012150585609624
509,1.03936736064161,-4.5336086997374e-28,8.05078172956434e-36,-4.46110319791578e-15,0.597257109026267,1.66407021064234e-34,3.07417315698386,3.81599554443964,16.9149871865767,324.156495184003,0.012150585609624
508,1.03907432533458,-4.41357000443383e-28,-6.98121962356029e-36,3.97381250950229e-15,0.600000587917522,6.18908795967473e-35,3.0735016108546,3.83149886666308,16.9837080468882,330.219385646259,0.012150585609624
507,1.03878199712144,-1.74724772401192e-27,-1.08121143869169e-35,-4.46297563841245e-15,0.602750966998598,8.56108862284026e-35,3.0728317876592,3.84700988375776,17.0524630159,336.324909414252,0.012150585609624
506,1.03849040647319,-2.82722762305525e-27,7.95919878102078e-36,-1.69409944399087e-14,0.605508141292741,-2.64802877725767e-34,3.0721637265116,3.86252867734254,17.1212524554003,342.472078917135,0.012150585609624
505,1.0381995830354,3.04363030127457e-28,2.04576424661388e-35,-2.60959511839981e-14,0.60827200746688,1.86054307112275e-34,3.07149746575073,3.878055318939,17.1900766824195,348.659897572896,0.012150585609624
504,1.03790955563516,-1.53707697369909e-28,2.58478350776359e-35,-2.6441770874502e-14,0.611042463821903,1.75942116959326e-34,3.0708330429305,3.89358987012519,17.2589359699117,354.887363402729,0.012150585609624
503,1.0376203522882,-1.15134949578809e-27,-2.07694914172876e-35,-2.6476219475732e-14,0.613819410283541,-1.19641080342723e-34,3.0701704948105,3.90913238269221,17.327830547449,361.153469854371,0.012150585609624
502,1.03733200020633,-2.14750932025163e-28,-1.29616160099908e-35,-3.62329657221886e-14,0.616602748393367,1.80847050809124e-34,3.06950985734742,3.92468289880574,17.3967606019373,367.457202309093,0.012150585609624
501,1.03704452580494,4.01130383625532e-28,2.73879163482054e-35,-2.97933081603604e-14,0.619392381299874,-2.63860278193202e-34,3.06885116568768,3.94024145117112,17.4657262783478,373.797545642902,0.012150585609624
500,1.03675795471089,2.88802472665394e-27,-6.26267574274613e-36,-3.47911294749546e-14,0.622188213749774,-2.40510552282056e-34,3.06819445416057,3.95580806320211,17.5347276804659,380.173480177002,0.012150585609624
499,1.03647231177048,-3.71166893256461e-29,2.32942572714668e-35,-3.54049912267795e-14,0.624990152079534,2.7407238536597e-34,3.06753975627227,3.9713827491922,17.6037648716495,386.583981542594,0.012150585609624
498,1.03618762105766,-2.62161245265838e-28,-1.47757803188438e-35,-3.64700832516026e-14,0.627798104206841,-2.35367397155223e-34,3.06688710470083,3.98696551448954,17.6728378756052,393.028023870678,0.012150585609624
497,1.03590390588242,1.470730278317e-27,-5.14798567393005e-35,-1.1585115997026e-14,0.630611979622293,6.89008666894791e-35,3.06623653129181,4.00255635567354,17.7419466771707,399.5045832019,0.012150585609624
496,1.03562118879943,-1.35423394556048e-27,5.98115402927381e-36,-2.53400186628154e-14,0.633431689381087,-4.70689978588322e-35,3.06558806705462,4.01815526073449,17.811091223111,406.012627324611,0.012150585609624
495,1.03533949161674,-3.48971691738703e-27,7.16826557036008e-36,-1.22003935041883e-14,0.636257146094897,6.88314390543837e-34,3.06494174215987,4.0337622092538,17.8802714229177,412.551131858744,0.012150585609624
494,1.03505883540476,-2.21283905645029e-27,-2.90815695272251e-35,-3.57273388876423e-14,0.63908826392357,-1.58256804451205e-34,3.06429758593721,4.04937717258728,17.9494871496209,419.119066536911,0.012150585609624
493,1.03477924050536,2.63993339216639e-29,2.77549369086008e-35,-2.34752329007517e-14,0.641924958567006,-1.58195090997786e-34,3.06365562687402,4.0650001140487,18.0187382406033,425.715404361106,0.012150585609624
492,1.03450072654114,2.27980854789412e-27,2.47484953120026e-35,-3.53420569053717e-14,0.644767147256868,1.49339210432279e-34,3.06301589261485,4.08063098909507,18.0880244984213,432.339119863098,0.012150585609624
491,1.0342233124248,1.89084203417891e-27,-3.32371946049963e-35,-3.49885308961454e-14,0.647614748748449,1.45275306056296e-34,3.06237840996142,4.09626974551211,18.157345691627,438.989187037432,0.012150585609624
490,1.03394701636877,5.15487368248956e-27,-6.12589595476842e-35,-4.08909308933359e-14,0.650467683312374,-1.80386954973373e-35,3.0617432048734,4.1119163236005,18.226701555594,445.664584158798,0.012150585609624
489,1.03367185589485,1.49667627959791e-27,3.78943562861604e-35,-3.66958529719336e-14,0.653325872726213,4.64511286406812e-35,3.06111030246988,4.12757065636272,18.2960917933455,452.364294434618,0.012150585609624
488,1.03339784784403,-2.25477612844472e-27,2.0601365017626e-35,-3.00658706961863e-14,0.656189240266159,3.6306465456291e-34,3.06047972703127,4.14323266968928,18.3655160763798,459.08729908958,0.012150585609624
487,1.03312500838646,1.64461743211639e-28,1.34946751474399e-35,-2.96965129328992e-14,0.659057710698456,-1.59084058600596e-34,3.05985150200212,4.15890228254535,18.4349740454975,465.832587208848,0.012150585609624
486,1.03285335303149,3.22187923042373e-27,2.47436509895803e-35,-1.98321621666462e-14,0.661931210270789,-4.37541037895133e-35,3.05922564999429,4.17457940715675,18.5044653116262,472.599151849232,0.012150585609624
485,1.03258289663779,-1.37243098969188e-27,4.59312478969308e-35,-1.271699949831e-14,0.664809666703616,2.54582689029337e-35,3.05860219279079,4.19026394919537,18.5739894566418,479.38598901586,0.012150585609624
484,1.03231365342363,-3.1516976982859e-27,3.2213963506804e-35,-2.94225389400814e-14,0.667693009181302,6.88008027328654e-34,3.05798115135022,4.20595580796344,18.643546034186,486.192100158025,0.012150585609624
483,1.03204563697722,-1.71716870788007e-27,-4.48621908861557e-35,-3.38367297150356e-14,0.670581168343093,1.95253652433413e-34,3.05736254581169,4.22165487657754,18.7131345704818,493.016490917959,0.012150585609624
482,1.03177886026709,3.17987976655695e-27,-1.69171315416338e-35,-2.90526742172631e-14,0.673474076274012,-3.1527493173023e-34,3.05674639550024,4.23736104215074,18.7827545651403,499.858178813219,0.012150585609624
481,1.03151333565259,-1.73384525716868e-27,-5.99816196316227e-35,-3.33924736153658e-14,0.676371666495588,4.33605335871786e-34,3.05613271893285,4.25307418597359,18.8524054919638,506.716176791823,0.012150585609624
480,1.0312490748944,-1.35609343025175e-27,-4.38946120986351e-35,-2.87132216478361e-14,0.679273873956328,2.36072326423732e-36,3.05552153382484,4.26879418369395,18.9220867997421,513.589515344577,0.012150585609624
479,1.03098608916519,-8.21781818136264e-28,6.17825137112809e-35,-2.76842904547653e-14,0.682180635022177,-8.85554261088155e-34,3.05491285709676,4.28452090549446,18.99179791304,520.477234570667,0.012150585609624
478,1.03072438906017,1.77939260767127e-27,7.28495404766583e-35,-3.06331880930591e-14,0.685091887466684,9.99443500635511e-34,3.0543067048817,4.30025421626873,19.0615382329774,527.378361033084,0.012150585609624
477,1.03046398460785,-2.94198535592236e-27,-2.25436857613675e-35,-3.43521950233751e-14,0.688007570461018,-1.32795596812394e-33,3.05370309253299,4.31599397579543,19.1313071380019,534.291948238581,0.012150585609624
476,1.03020488528064,2.00736443368723e-27,-7.764599364662e-35,-3.76492354279977e-14,0.690927624563846,4.73959322251546e-34,3.05310203463244,4.33174003891008,19.2011039846496,541.217053149148,0.012150585609624
475,1.02994710000569,3.46015684977754e-27,-4.58781210624034e-35,-5.00920875454847e-14,0.69385199171091,-3.50080584774109e-34,3.05250354499876,4.34749225567513,19.2709281082991,548.152737077011,0.012150585609624
474,1.02969063717551,4.10511983659017e-27,1.51010616462354e-35,-4.74095500529798e-14,0.696780615204589,-2.93830976035355e-34,3.0519076366964,4.36325047154704,19.3407788239125,555.098070279748,0.012150585609624
473,1.02943550465878,7.48709159887777e-28,1.16701517946202e-34,-3.58778365390484e-14,0.699713439703088,1.63981461939709e-33,3.05131432204485,4.37901452754165,19.4106554267681,562.052138014642,0.012150585609624
472,1.02918170981104,-2.76701618414087e-27,-1.21550891320825e-34,-5.55944168292326e-14,0.702650411209618,-2.18470033204138e-34,3.05072361262798,4.39478426039633,19.480557193179,569.014033343272,0.012150585609624
471,1.02892925948544,-2.81227800844098e-27,1.71526482633057e-34,-5.27238006979235e-14,0.705591477061224,1.15287196204071e-33,3.050135519304,4.41055950273017,19.5504833812038,575.982855667631,0.012150585609624
470,1.02867816004341,-1.96457365934957e-27,4.81007926170413e-35,-6.64444856607761e-14,0.708536585917566,1.38476173262743e-33,3.04955005221541,4.42634008320094,19.6204332313415,582.957700249997,0.012150585609624
469,1.02842841736535,-6.8055164157244e-27,7.914686116033e-35,-5.86133442979502e-14,0.711485687749343,1.37360629123812e-33,3.04896722079944,4.4421258266599,19.6904059672185,589.93770098483,0.012150585609624
468,1.02818003686129,-1.55314550800334e-27,1.8821023722008e-34,-6.31152447921172e-14,0.714438733826782,8.25726006735116e-34,3.04838703379847,4.457916554303,19.7604007962583,596.92197257724,0.012150585609624
467,1.02793302348145,-4.95893222463702e-29,1.97694272579308e-34,-5.34043731205106e-14,0.717395676707692,1.44253434123446e-33,3.04780949927097,4.47371208381995,19.8304169103426,603.909650519088,0.012150585609624
466,1.02768738172682,-7.0068745724752e-28,1.31172771759786e-35,-6.31211209024822e-14,0.720356470225454,-3.02946934725981e-35,3.0472346246024,4.48951222954012,19.9004534864576,610.899897581273,0.012150585609624
465,1.02744311565965,-1.83524038409283e-27,1.22099700245865e-34,-5.73575569595833e-14,0.723321069476906,-9.28464212996984e-34,3.04666241651638,4.50531680257514,19.9705096873266,617.891865559283,0.012150585609624
464,1.02720022891391,-5.84682686403865e-27,-3.68636865127793e-35,-5.83521036845626e-14,0.726289430810005,-2.83059039678007e-34,3.04609288108595,4.52112561095867,20.0405846620294,624.884721748372,0.012150585609624
463,1.02695872470562,-1.58291465596614e-27,6.95958777244028e-35,-5.71386758448854e-14,0.729261511811161,3.23801673877507e-34,3.04552602374522,4.53693845978385,20.1106775466112,631.877649652351,0.012150585609624
462,1.02671860584319,8.20548554691562e-28,-2.05929712532772e-34,-5.80553427333779e-14,0.7322372712928,3.41819063539736e-34,3.04496184930073,4.55275515133616,20.1807874646721,638.869821467262,0.012150585609624
461,1.02647987473765,-1.6778683157704e-27,1.74468524587975e-34,-6.24310863055972e-14,0.735216669280283,1.7917942840149e-33,3.04440036194349,4.56857548522503,20.25091352795,645.860465612412,0.012150585609624
460,1.02624253341274,7.4650646074241e-27,1.22531771905992e-34,-1.91077200062733e-14,0.73819966699918,1.43789995475635e-33,3.04384156526044,4.58439925851058,20.3210548368827,652.848762080595,0.012150585609624
459,1.02600658351504,2.42274171830815e-27,-4.38914896917657e-35,3.00450553277773e-15,0.741186226861986,1.09103508171571e-34,3.04328546224661,4.60022626582871,20.3912104811622,659.833970418647,0.012150585609624
458,1.02577202632383,-6.82045500682448e-28,-2.06928882730971e-34,6.57343381122522e-15,0.744176312455046,5.98273727322757e-34,3.04273205531694,4.61605629951193,20.4613795402705,666.81529101774,0.012150585609624
457,1.02553886276106,-1.9400727081265e-28,-3.06622191282224e-35,2.65361702536766e-15,0.747169888525029,-1.64580376311453e-33,3.04218134631841,4.63188914970822,20.5315610840062,673.791982733386,0.012150585609624
456,1.02530709340103,2.52749517802616e-27,3.152852173058e-34,-9.63571264451699e-15,0.750166920965556,7.4242900766791e-34,3.04163333654203,4.64772460449571,20.601754172993,680.763291321098,0.012150585609624
455,1.02507671848009,4.65635721561834e-28,-2.66613139026034e-34,7.8010713838247e-16,0.753167376803586,-7.30785001439046e-34,3.04108802673494,4.6635624499951,20.671957859178,687.728500668467,0.012150585609624
454,1.02484773790615,2.45230032902023e-28,5.85676101301789e-34,-1.01034346702512e-14,0.756171224185745,1.02635056632583e-33,3.04054541711258,4.67940247047834,20.7421711863134,694.686890317072,0.012150585609624
453,1.02462015126812,4.10113694718787e-27,4.68916084144534e-34,-3.34402072419412e-14,0.759178432364502,2.6138468709037e-33,3.0400055073706,4.69524444847493,20.8123931904279,701.637715593416,0.012150585609624
452,1.02439395784524,1.09127840376836e-27,-3.63952336468773e-35,-1.67585388992152e-14,0.762188971684343,-7.51346601686836e-34,3.03946829669727,4.71108816487458,20.8826229002812,708.580346885144,0.012150585609624
451,1.02416915661625,4.79277526096121e-27,-1.03213271283493e-34,-4.75326773318002e-14,0.765202813567813,-2.26884515640911e-33,3.03893378378516,4.72693339902732,20.9528593378086,715.514029360624,0.012150585609624
450,1.02394574626845,2.5958507506245e-27,-8.5154353609902e-34,-2.62477982219375e-14,0.768219930501469,-3.09167356956945e-33,3.03840196684352,4.74277992884034,21.0231015185495,722.438111261554,0.012150585609624
449,1.02372372520666,2.69527452058982e-27,-4.8669139543889e-34,1.03562993035017e-14,0.771240296021804,-2.37416945024279e-33,3.0378728436101,4.75862753087218,21.0933484520653,729.351929471618,0.012150585609624
448,1.02350309156201,-2.37220834102036e-27,-8.55710663572685e-34,-2.12700865054498e-15,0.774263884701208,-6.2520253965857e-33,3.03734641136306,4.77447598042341,21.163599142341,736.254852924989,0.012150585609624
447,1.02328384320063,-2.97628851416597e-28,2.83581583651146e-35,1.61891215555747e-14,0.777290672133631,7.45304560723609e-34,3.03682266693296,4.79032505162542,21.2338525881795,743.146189598616,0.012150585609624
446,1.02306597773219,2.2988693822203e-27,1.35979129388008e-33,1.63628441810358e-14,0.780320634920404,7.5366937852406e-33,3.0363016067145,4.80617451752572,21.3041077835789,750.025348174376,0.012150585609624
445,1.02284949251832,1.44598888060609e-27,-2.1569531552322e-34,-1.38556657068476e-14,0.783353750656141,-2.97247844239607e-33,3.03578322667817,4.82202415016993,21.3743637180962,756.89172669822,0.012150585609624
444,1.02263438468084,-3.25982427064676e-27,-1.06385177485294e-33,-1.86472693619682e-15,0.78638999791417,-6.2738366942652e-33,3.03526752238211,4.83787372068279,21.4446193772069,763.744698906554,0.012150585609624
443,1.02242065110995,3.06077797576855e-27,-8.75660272074077e-34,-6.5414151939658e-16,0.789429356232599,-4.23866952922399e-33,3.03475448898332,4.85372299934404,21.5148737426403,770.583699622079,0.012150585609624
442,1.02220828847217,-3.20062242022974e-27,2.17259567896378e-33,-8.23857903949811e-15,0.792471806099707,9.09957523811225e-33,3.03424412124934,4.86957175566403,21.5851257927158,777.408065319298,0.012150585609624
441,1.02199729321822,2.65852112477867e-27,-1.84465185686757e-33,2.26446859211552e-15,0.795517328939752,-7.39521422391151e-33,3.03373641356951,4.88541975845538,21.6553745026597,784.217301677498,0.012150585609624
440,1.02178766159071,-3.20396710640405e-27,2.64580562356668e-33,-1.06484933959432e-14,0.798565907098778,1.23750461656404e-32,3.03323135996609,4.90126677590178,21.7256188449105,791.010827605651,0.012150585609624
439,1.02157938963172,2.60913813805193e-27,-6.7663365011651e-34,-1.8271251515016e-14,0.801617523830154,-1.75422989266644e-33,3.03272895410546,4.9171125756258,21.7958577894197,797.788072796106,0.012150585609624
438,1.0213724731902,-6.64010529273466e-27,3.23152947932647e-34,-7.1443780683025e-15,0.804672163280386,1.26416409375672e-33,3.03222918930902,4.93295692475288,21.8660903039347,804.548567915758,0.012150585609624
437,1.02116690792926,3.3777311111482e-27,5.27098646406422e-34,-7.93826098456016e-15,0.807729810474971,2.55693531190864e-34,3.03173205856395,4.94879958997308,21.9363153542735,811.291687394541,0.012150585609624
436,1.02096268933331,-4.07266224321871e-27,-1.31858287004407e-33,-1.60024242576431e-14,0.810790451304029,-6.49977846343676e-33,3.03123755453397,4.9646403376015,22.0065319045918,818.01705442007,0.012150585609624
435,1.02075981271501,-4.19447480111017e-27,-8.84538340095457e-33,-1.3574577220991e-14,0.813854072508314,-3.90823542234556e-32,3.03074566956979,4.98047893363499,22.0767389176346,824.723997171709,0.012150585609624
434,1.02055827322216,-4.56252580951607e-28,-9.94486440958093e-33,-1.98602580769134e-14,0.816920661664872,-4.35340218596806e-32,3.03025639571971,4.99631514380817,22.1469353549846,831.412166136928,0.012150585609624
433,1.02035806584437,2.33700624547721e-28,1.6326125124464e-33,-2.19599720409666e-14,0.819990207173261,5.98956836477379e-33,3.02976972473953,5.01214873364547,22.2171201772928,838.080998885471,0.012150585609624
432,1.02015918541961,-4.42869343719517e-27,1.89173716471052e-32,-3.25438459706954e-14,0.823062698241224,6.70237138831793e-32,3.02928564810292,5.02797946851318,22.2872923445093,844.730053547702,0.012150585609624
431,1.01996162664065,1.01413801929437e-27,2.85319045116898e-32,-7.67730352132915e-15,0.826138124871014,9.64702117745263e-32,3.02880415701118,5.04380711366731,22.3574508160949,851.358928859067,0.012150585609624
430,1.0197653840613,-5.99553963876717e-27,5.11182291265815e-32,-6.2422665724043e-15,0.829216477845312,1.48999668889044e-31,3.02832524240313,5.05963143430107,22.4275945512328,857.967100235152,0.012150585609624
429,1.01957045210254,-1.1060183162986e-27,4.25391774806927e-32,-2.79517394343064e-15,0.832297748713582,9.57839699274598e-32,3.0278488949646,5.07545219558954,22.4977225090252,864.554193256378,0.012150585609624
428,1.01937682505853,-8.72267128143501e-28,-2.09237336169531e-31,-3.13753994363519e-14,0.835381929778198,-3.45473510907233e-31,3.02737510513795,5.09126916273265,22.5678336486846,871.119770509603,0.012150585609624
427,1.01918449710243,-8.40855275266377e-27,-6.59052098494735e-31,-2.43129471014303e-14,0.838469014080868,-6.14869944314842e-31,3.02690386313134,5.10708210099649,22.6379269297171,877.663266706554,0.012150585609624
426,1.01899346229211,4.09014222959538e-27,1.85441732480547e-27,-3.28048066416326e-14,0.841558995389072,1.2959787075375e-28,3.02643515892786,5.12289077575252,22.7080013120954,884.184617346822,0.012150585609624
425,1.01880371457574,8.27831525899929e-28,-2.5663595792576e-30,-1.64046780010146e-14,0.844651868182563,2.4107158517285e-30,3.0259689822944,5.13869495251534,22.778055756427,890.683171911055,0.012150585609624
424,1.01861524779718,1.24605003682284e-27,-2.22880781882011e-31,-2.7809586028885e-14,0.84774762763999,4.75268564349605e-31,3.02550532279047,5.15449439697867,22.8480892241132,897.158463301732,0.012150585609624
423,1.01842805570133,1.47985853535867e-27,7.85509523807043e-32,-3.83050016373342e-14,0.850846269625601,-2.81995993116784e-31,3.02504416977695,5.17028887504965,22.9181006775015,903.610646206298,0.012150585609624
422,1.01824213193925,1.25356242072663e-27,-1.8235902307103e-32,-2.40999427108653e-14,0.853947790676135,9.57059758772827e-32,3.02458551242413,5.18607815288157,22.9880890800302,910.038588308063,0.012150585609624
421,1.0180574700732,1.71996770117678e-27,6.70577797094661e-33,-2.67249965894812e-14,0.857052187987575,-4.89112384829126e-32,3.02412933972056,5.20186199690544,23.0580533963691,916.442677177184,0.012150585609624
420,1.01787406358155,-1.20243500743918e-29,2.60935648248356e-33,-2.91923804672522e-14,0.860159459402436,-2.38309027687118e-32,3.02367564048052,5.21764017385913,23.1279925925476,922.822074324459,0.012150585609624
419,1.01769190586355,-4.31665852840909e-27,7.23717782465109e-33,-3.7653299103475e-14,0.863269603396699,-9.52585592174727e-32,3.02322440335244,5.23341245081626,23.197905636084,929.176570072487,0.012150585609624
418,1.01751099024396,3.09452915228681e-27,-1.91755160840175e-33,-4.86910345732347e-14,0.866382619067047,3.40488227610452e-32,3.0227756168264,5.24917859521339,23.2677914961049,935.505990823393,0.012150585609624
417,1.01733130997756,1.75465089498077e-27,-1.09956329323092e-33,-2.35392282455664e-14,0.869498506118426,1.87703878334784e-32,3.02232926924188,5.26493837487491,23.3376491434563,941.810020004388,0.012150585609624
416,1.01715285825359,3.56086653723532e-28,-1.0639722630239e-33,-2.04877960144734e-14,0.87261726485135,3.41170425756952e-32,3.02188534879489,5.28069155803831,23.4074775508152,948.088132676826,0.012150585609624
415,1.01697562819995,-1.48719665160193e-27,3.09657538101238e-34,-2.01135263655076e-14,0.875738896149592,-1.39370724463718e-32,3.02144384354552,5.29643791337666,23.4772756927893,954.340410353068,0.012150585609624
414,1.0167996128874,8.35600556210172e-27,4.41800735548926e-34,-2.98055748671702e-14,0.878863401467841,-1.36139819465766e-32,3.02100474142502,5.31217721002131,23.5470425460179,960.566338957821,0.012150585609624
413,1.01662480533357,-6.83813681291524e-27,4.34886992056167e-35,-2.75642480641679e-14,0.881990782819647,-4.85896467384147e-34,3.02056803024241,5.32790921758199,23.6167770892607,966.765461980654,0.012150585609624
412,1.0164511985069,-2.91117109306508e-27,2.00505540787696e-34,1.66705730533032e-14,0.885121042765268,-1.60441930899948e-32,3.02013369769172,5.34363370616733,23.6864783034888,972.937895568443,0.012150585609624
411,1.01627878533038,3.3940336975155e-28,-1.61598147143417e-34,1.65424081120872e-14,0.888254184399923,1.43382216485334e-32,3.01970173135797,5.35935044640307,23.7561451719656,979.083369225506,0.012150585609624
410,1.01610755868531,-9.3724351174006e-27,6.77404333600267e-35,2.23038979557255e-14,0.891390211341898,-1.49277790852449e-33,3.01927211872415,5.3750592094499,23.8257766803255,985.201392882441,0.012150585609624
409,1.01593751141483,1.54318355324596e-27,1.74494789539876e-35,6.83631029310059e-15,0.894529127720776,2.31591635831985e-33,3.01884484717737,5.39075976702099,23.8953718166521,991.292118218949,0.012150585609624
408,1.0157686363274,3.00205470090475e-27,3.84445427436429e-35,-9.08987506398759e-15,0.8976709381664,-1.44504696040935e-32,3.01841990401452,5.40645189139594,23.9649295715397,997.354556341216,0.012150585609624
407,1.01560092620017,2.53046173924158e-27,-1.78482286783056e-35,-3.37802400535813e-15,0.900815647796789,-2.70400728761177e-33,3.01799727644897,5.42213535543829,24.0344489381711,1003.38977000844,0.012150585609624
406,1.0154343737822,-2.08599288555384e-27,-6.93975130527015e-35,-1.67970764902438e-14,0.903963262207455,-2.09245047412472e-33,3.01757695161576,5.43780993260759,24.1039289123707,1009.39646543886,0.012150585609624
405,1.01526897179766,-3.77770301773724e-27,-4.06309622361724e-35,6.1426220354886e-15,0.907113787459995,-5.56988014733177e-33,3.01715891657753,5.45347539697369,24.1733684926686,1015.37464278988,0.012150585609624
404,1.01510471294885,2.87202077192283e-27,2.71404747873573e-34,3.54602756940769e-14,0.910267230071056,5.67911883735368e-33,3.01674315833003,5.46913152322943,24.242766680356,1021.32440938533,0.012150585609624
403,1.01494158991918,-5.50229980741559e-27,1.05862082499178e-34,-4.83883766794531e-14,0.913423597001645,4.12480967703541e-34,3.01632966380731,5.48477808670179,24.3121224795352,1027.24590339684,0.012150585609624
402,1.01477959537599,3.09060103024483e-27,2.66476304136758e-35,3.60523449561933e-14,0.916582895646338,7.91523529230003e-34,3.01591841988701,5.50041486336321,24.3814348971696,1033.13793812965,0.012150585609624
401,1.01461872197335,-7.46259103231759e-28,-1.73120930517352e-35,-3.46000927145033e-14,0.919745133822431,2.59664351107942e-33,3.01550941339559,5.51604162984292,24.4507029431339,1039.00167845556,0.012150585609624
400,1.0144589623547,-2.26811618651789e-28,-4.45387462686872e-35,2.00051749470387e-14,0.922910319759782,-6.70772929156897e-33,3.01510263111284,5.53165816343562,24.5199256302527,1044.8353754418,0.012150585609624
399,1.01430030915545,-6.71405643748453e-27,2.27546318960424e-35,-1.62634834442177e-14,0.926078462090352,-7.5009470020321e-33,3.01469805977712,5.54726424211103,24.5891019743425,1050.64073539412,0.012150585609624
398,1.01414275500546,-1.25947885418076e-27,1.81127332743398e-34,1.40603248733741e-14,0.9292495698378,9.62860353196395e-33,3.01429568608966,5.56285964452335,24.658230994254,1056.41643408726,0.012150585609624
397,1.01398629253144,1.69253877475472e-27,1.36511628328931e-34,-6.66801474546788e-16,0.932423652407631,2.15465763517024e-33,3.0138954967192,5.5784441500183,24.7273117119033,1062.16225307002,0.012150585609624
396,1.0138309143593,2.90012997333267e-27,-1.06395371225368e-34,4.16264951982045e-14,0.935600719577092,-6.66166166796025e-33,3.01349747830642,5.59401753864146,24.7963431523084,1067.87873396666,0.012150585609624
395,1.01367661311634,8.99464051321569e-28,2.24702357315404e-34,-2.77051572259159e-14,0.938780781485406,1.04908403932356e-32,3.01310161746804,5.60957959114507,24.8653243436201,1073.56604781115,0.012150585609624
394,1.01352338143342,-9.47224188454317e-28,-1.22896281339539e-34,1.83012867326874e-14,0.941963848624067,-5.44160432629829e-33,3.01270790080102,5.62513008899461,24.9342543171504,1079.22276162755,0.012150585609624
393,1.01337121194707,2.25842822427104e-27,1.95705115732526e-35,-2.30315778360209e-14,0.945149931827004,-2.05066752742474e-33,3.01231631488656,5.64066881437599,25.0031321074048,1084.85050620867,0.012150585609624
