455,1.00153898332976,3.17617115096861e-26,-4.10970962557963e-34,-1.73843603653482e-13,1.24207810951226,2.86498536148513e-32,3.18449963206507,2.11561915081036,9.37780728800311,-1.0195759259582,0.012150585609624
454,1.00150332526933,9.9445206223343e-27,9.01287518289942e-34,-1.4418473536543e-13,1.24394531303254,-6.9611552941571e-32,3.1844908007966,2.11803087989007,9.38849764809544,-1.03941703820937,0.012150585609624
453,1.00146778516131,-6.70473235212651e-27,2.69497003194135e-34,-1.37438753734936e-13,1.24581326753524,-2.18629724111697e-32,3.18448196412782,2.12043760232452,9.39916581546259,-1.05947915354741,0.012150585609624
452,1.00143236259009,-6.216328930407e-27,2.15130940481581e-34,-1.1609468323067e-13,1.24768197092445,-1.11508452063918e-32,3.18447312175787,2.12283928913614,9.40981166165701,-1.07977618115214,0.012150585609624
451,1.0013970571417,-1.39771346154679e-26,4.55974901532438e-34,-1.55231705813302e-13,1.24955142108047,-3.43043576004988e-32,3.18446427339018,2.12523591179278,9.42043506020556,-1.10029842566479,0.012150585609624
450,1.00136186840393,2.27202982331444e-26,3.2825450157972e-35,-8.12517508402815e-14,1.25142161585998,-2.32232537392573e-33,3.18445541873351,2.12762744220827,9.43103588661202,-1.12104798176831,0.012150585609624
449,1.0013267959662,2.04468491449061e-26,-8.09596479367407e-36,-1.27486685964319e-13,1.25329255309628,9.73880906608941e-34,3.18444655750036,2.13001385274259,9.44161401835768,-1.14203640040206,0.012150585609624
448,1.00129183941962,3.28035510157877e-26,-7.59697203352482e-35,-7.76216476751927e-14,1.25516423059951,1.07633317386997e-32,3.18443768940851,2.13239511620214,9.45216933490275,-1.1632398686923,0.012150585609624
447,1.00125699835698,-5.74093338751781e-28,4.94528866269754e-35,-1.08324612194221e-13,1.25703664615686,-4.64640590785403e-34,3.18442881417994,2.13477120583981,9.46270171768654,-1.18468895176889,0.012150585609624
446,1.0012222723727,2.49908289300245e-26,2.23488797151424e-34,-7.71646810357434e-14,1.25890979753282,-1.53193715183343e-32,3.1844199315411,2.13714209535518,9.47321105012842,-1.20638705373409,0.012150585609624
445,1.00118766106281,-3.94284904144483e-26,-1.1526668015423e-34,-9.96739557985417e-14,1.26078368246946,4.26351801043244e-35,3.18441104122312,2.13950775889384,9.48369721762475,-1.22826305118892,0.012150585609624
444,1.00115316402501,3.69155869987956e-26,2.6445454568884e-35,-9.04948719083724e-14,1.26265829868661,-2.98565646875276e-33,3.18440214296121,2.14186817104845,9.49416010755353,-1.25046928004601,0.012150585609624
443,1.00111878085857,-1.08702457760775e-26,-4.85706689331336e-35,-1.19406627731962e-13,1.26453364388215,1.33689119455813e-33,3.18439323649566,2.1442233068574,9.50459960926864,-1.27290605978433,0.012150585609624
442,1.00108451116438,3.2106734368591e-26,-1.64504625802447e-34,-9.86053914434445e-14,1.26640971573227,8.10913602420404e-33,3.18438432157115,2.14657314180536,9.51501561410212,-1.2955425377317,0.012150585609624
441,1.00105035454491,5.14151207767429e-26,-1.7805240482554e-34,-8.86069737390579e-14,1.26828651189173,1.73201099232078e-32,3.18437539793615,2.1489176518224,9.52540801536023,-1.31843755569814,0.012150585609624
440,1.00101631060422,1.77966959802153e-26,-2.79308294343922e-34,-1.02022889847308e-13,1.27016402999417,2.246948047642e-32,3.18436646534417,2.15125681328382,9.53577670832291,-1.34152433487647,0.012150585609624
439,1.0009823789479,2.63461376398589e-26,2.04724463481194e-34,-1.34039498759254e-13,1.27204226765233,-1.4356853233994e-32,3.18435752355253,2.15359060300957,9.546121590241,-1.3649525572143,0.012150585609624
438,1.00094855918311,-5.46393918368385e-27,7.78075231008123e-34,-1.52378312805454e-13,1.27392122245836,-5.39196437535741e-32,3.18434857232365,2.15591899826392,9.5564425603349,-1.38857537296498,0.012150585609624
437,1.00091485091856,4.45812753869925e-27,2.35994358087494e-34,-1.00394414943483e-13,1.27580089198415,-1.81030361806295e-32,3.18433961142373,2.15824197675431,9.5667395197894,-1.41240687456049,0.012150585609624
436,1.00088125376447,1.90867340379968e-27,7.17606378151634e-34,-1.53481091571369e-13,1.27768127378155,-4.23919938330263e-32,3.18433064062337,2.16055951663136,9.57701237175379,-1.43656684992267,0.012150585609624
435,1.00084776733258,2.96048335694238e-26,-1.41016756346205e-34,-1.27936191150222e-13,1.27956236538275,4.93499564845265e-33,3.18432165969757,2.16287159648712,9.58726102133398,-1.46098139535052,0.012150585609624
434,1.00081439123613,1.46221832800333e-26,3.73180127834847e-34,-1.55173661076349e-13,1.28144416430049,-2.46326251808031e-32,3.18431266842569,2.16517819535535,9.59748537559391,-1.48556353497334,0.012150585609624
433,1.00078112508986,2.51445851602765e-26,4.47505786159e-34,-7.7701813516402e-14,1.28332666802848,-2.75650604081384e-32,3.18430366659108,2.16747929270954,9.60768534354667,-1.51047673027243,0.012150585609624
432,1.00074796850999,-1.20367985045068e-26,-1.88558110079526e-34,-1.03178677775293e-13,1.28520987404161,1.11975240870629e-32,3.18429465398151,2.16977486846275,9.61786083615382,-1.5355974419937,0.012150585609624
431,1.00071492111421,2.76198831244866e-27,-5.02923227549319e-34,-9.48102449197986e-14,1.28709377979634,3.19890569073451e-32,3.18428563038866,2.17206490296584,9.6280117663175,-1.56109447264809,0.012150585609624
430,1.00068198252165,1.73018497903945e-26,-1.97856672174826e-34,-1.77015655853085e-13,1.28897838273099,1.05315360076611e-32,3.18427659560891,2.17434937700695,9.63813804887822,-1.58669265116734,0.012150585609624
429,1.00064915235291,-2.56350611156374e-26,1.00860112968252e-34,-1.46152279051638e-13,1.2908636802661,-5.06808511885275e-33,3.18426754944222,2.17662827180954,9.64823960060609,-1.61256097016044,0.012150585609624
428,1.00061643023002,-7.93724037511685e-26,-5.05665435464597e-34,-1.60314343037981e-13,1.29274966980467,3.85941126448415e-32,3.18425849169309,2.17890156903223,9.65831634020002,-1.63875574615781,0.012150585609624
427,1.00058381577642,2.22632991553399e-26,7.92069789720025e-35,-1.34907697670637e-13,1.29463634873262,-6.28667309257618e-33,3.18424942216956,2.18116925076625,9.66836818827677,-1.66522874780436,0.012150585609624
426,1.00055130861699,-4.72182641343069e-27,-3.4508721334151e-34,-1.57545229605189e-13,1.296523714419,2.73051821170587e-32,3.18424034068448,2.18343129953502,9.67839506736862,-1.6917679463737,0.012150585609624
425,1.00051890837797,3.90522430790178e-26,1.30711157768489e-34,-1.4600203281852e-13,1.29841176421645,-5.88398399281499e-33,3.18423124705383,2.1856876982919,9.68839690191375,-1.71888102711371,0.012150585609624
424,1.00048661468705,1.63006441478314e-27,5.49806074857439e-34,-1.44603355967457e-13,1.30030049546143,-4.68780564339564e-32,3.18422214109855,2.18793843041943,9.6983736182527,-1.74606336072222,0.012150585609624
423,1.00045442717324,-8.70369010418562e-30,-1.55982548480981e-46,-1.13342749263153e-13,1.30218990547465,-2.96188515252406e-44,3.18421302264323,2.19018347972698,9.70832514461805,-1.77344446650017,0.012150585609624
422,1.00042234546696,9.20036102184335e-28,3.45626563210446e-35,-1.91741890951719e-13,1.30407999156137,8.63710692415297e-33,3.18420389151543,2.19242283044963,9.7182514111293,-1.80120454626465,0.012150585609624
421,1.00039036919997,-3.25069731214196e-26,-6.04331747662315e-35,-1.2743564174545e-13,1.30597075101177,-6.75427152102184e-33,3.18419474754818,2.19465646724622,9.72815234978442,-1.82920480867379,0.012150585609624
420,1.0003584980054,4.03530926268136e-26,-5.22423967104366e-34,-1.41113545211248e-13,1.30786218110128,2.59760271446969e-32,3.18418559057732,2.19688437519777,9.73802789445277,-1.85752362294492,0.012150585609624
419,1.0003267315177,4.19405373393382e-26,2.07848351197941e-35,-1.47934879739375e-13,1.30975427909096,-1.29094846722418e-33,3.18417642044323,2.19910653980549,9.74787798086624,-1.88616874324745,0.012150585609624
418,1.00029506937265,2.75131541946022e-27,1.20495425963481e-34,-1.70450332020823e-13,1.31164704222786,2.61547493057959e-34,3.18416723698923,2.20132294698884,9.75770254661059,-1.91499335958259,0.012150585609624
417,1.00026351120735,3.23974331426682e-26,-7.89084418630076e-35,-1.02563987640873e-13,1.31354046774533,4.58222979377088e-33,3.18415804006355,2.20353358308375,9.76750153111783,-1.94401650570463,0.012150585609624
416,1.00023205666021,-3.38224861030253e-26,7.70755115444865e-35,-8.11373057388323e-14,1.31543455286343,1.51904197880491e-32,3.18414882951721,2.2057384348406,9.77727487565691,-1.97351243930783,0.012150585609624
415,1.00020070537094,1.1999836284055e-26,4.25838073277736e-34,-1.25257296214204e-13,1.31732929478928,-3.95758385068743e-32,3.18413960520546,2.20793748942207,9.78702252332446,-2.00316913198605,0.012150585609624
414,1.00016945698053,-3.0915613351744e-26,2.04910981373891e-34,-1.34783307659572e-13,1.31922469071738,-1.63415108761483e-32,3.18413036698725,2.21013073440118,9.79674441903599,-2.03325579118666,0.012150585609624
413,1.00013831113127,-1.087086834397e-26,-2.34847137590051e-34,-1.35943444763464e-13,1.32112073783004,1.15030115589546e-32,3.18412111472515,2.21231815775899,9.80644050951565,-2.06314306436993,0.012150585609624
412,1.00010726746668,3.88040772067508e-26,6.17915686912021e-34,-9.94197436729547e-14,1.32301743329769,-5.83342833177483e-32,3.18411184828521,2.21449974788253,9.81611074328724,-2.09346272542627,0.012150585609624
411,1.00007632563159,3.27394895487442e-26,4.52721812752034e-34,-1.21207879035868e-13,1.32491477427928,-3.80517865711462e-32,3.18410256753678,2.21667549356223,9.8257550706626,-2.12448541809991,0.012150585609624
410,1.00004548527204,2.92440215692519e-26,-8.16704087592555e-35,-1.43370081047744e-13,1.3268127579226,-1.68947925571933e-33,3.18409327235377,2.21884538399029,9.83537344373443,-2.15548234078511,0.012150585609624
409,1.00001474603532,-3.14935086895347e-27,-5.06655881290661e-34,-1.56222333712905e-13,1.32871138136468,4.24707519545313e-32,3.18408396261293,2.22100940875769,9.84496581636319,-2.1866433451896,0.012150585609624
408,0.999984107569959,4.24866645214974e-26,2.26769849840408e-34,-1.13784129820194e-13,1.33061064173216,-1.78328605590365e-32,3.18407463819449,2.22316755785183,9.85453214416652,-2.2182622776926,0.012150585609624
407,0.999953569525712,1.10015088853716e-26,-5.3751058761883e-34,-1.39509791417581e-13,1.33251053614163,7.68496829166463e-32,3.18406529898222,2.22531982165468,9.86407238451095,-2.25025612501123,0.012150585609624
406,0.999923131553538,1.94751332394127e-26,5.43071410582189e-34,-1.00670720576875e-13,1.33441106170001,-4.97863234974388e-32,3.18405594486372,2.2274661909395,9.87358649649762,-2.28229249202447,0.012150585609624
405,0.999892793305606,-2.67182119849995e-26,-3.2640869994244e-34,-1.0183993531553e-13,1.33631221550492,3.27699613144834e-32,3.18404657572936,2.22960665686897,9.88307444095369,-2.3147446507999,0.012150585609624
404,0.99986255443528,6.85382368473378e-26,1.71653964651021e-34,-9.56117882515651e-14,1.338213994645,-8.95545669196556e-33,3.18403719147328,2.23174121099232,9.89253618041989,-2.34761039004491,0.012150585609624
403,0.999832414597112,5.39246686427786e-26,6.05706157697816e-34,-1.283738858975e-13,1.34011639620036,-6.68288286747564e-32,3.18402779199314,2.23386984524264,9.90197167913829,-2.38045461079011,0.012150585609624
402,0.999802373446835,-2.46039147631626e-26,-4.32996833874244e-34,-1.79887484467444e-13,1.34201941724286,5.03344330033402e-32,3.18401837718942,2.2359925519345,9.91138090304214,-2.41383354430464,0.012150585609624
401,0.999772430641352,-9.00977112141202e-27,1.22931178828079e-33,-1.77964661980399e-13,1.34392305483651,-9.7501896146469e-32,3.18400894696626,2.23810932376094,9.92076381974214,-2.44723947517413,0.012150585609624
400,0.999742585838729,8.50125054904218e-27,1.9525181572349e-34,-1.59225404998718e-13,1.34582730603784,-1.88493340340796e-32,3.18399950123095,2.24022015379106,9.93012039851611,-2.4810637988597,0.012150585609624
399,0.999712838698189,-2.14110626604428e-26,6.33676311091663e-34,-1.69965822857531e-13,1.34773216789623,-5.77781804502613e-32,3.18399003989371,2.24232503546711,9.9394506102957,-2.51542184026793,0.012150585609624
398,0.999683188880098,-1.79838129562142e-26,-3.81369167903877e-34,-1.6018668226129e-13,1.3496376374543,2.70104151536465e-32,3.18398056286843,2.24442396260168,9.94875442765431,-2.54967993516279,0.012150585609624
397,0.999653636045967,-9.66284251454016e-27,-3.43404511545407e-34,-1.835056948288e-13,1.35154371174823,3.15674776133662e-32,3.18397107007173,2.24651692937494,9.95803182479471,-2.58458524345699,0.012150585609624
396,0.999624179858432,7.54627048772316e-26,8.65289473163948e-34,-1.27553280541452e-13,1.35345038780819,-9.78873642539906e-32,3.18396156142371,2.24860393033168,9.96728277753572,-2.61920502129317,0.012150585609624
395,0.99959481998126,1.46800424935208e-26,1.14274507820838e-33,-1.49889242875493e-13,1.35535766265859,-1.3580627294372e-31,3.18395203684697,2.25068496037847,9.97650726330004,-2.65487702611351,0.012150585609624
394,0.999565556079328,-4.25864741487676e-26,1.53444183642144e-33,-1.89960574108185e-13,1.35726553331852,-1.56608385213159e-31,3.18394249626797,2.252760014781,9.98570526110206,-2.69023067845093,0.012150585609624
393,0.999536387818628,-3.8190645852688e-26,1.92644348848175e-33,-1.55907725392741e-13,1.35917399680208,-1.90883167375792e-31,3.18393293961539,2.25482908916044,9.9948767515319,-2.72603930036644,0.012150585609624
392,0.99950731486625,2.17938290853697e-27,-8.93553867487485e-35,-1.62316901058267e-13,1.36108305011868,-9.6993624144117e-33,3.18392336682135,2.25689217949129,10.004021716746,-2.76242552058723,0.012150585609624
391,0.999478336890382,3.05075604438151e-26,-7.18601002492773e-34,-1.71980290586032e-13,1.36299269027346,8.10711182293193e-32,3.1839137778207,2.25894928209777,10.0131401404509,-2.79906428960867,0.012150585609624
390,0.999449453560298,-1.71697961928115e-26,-7.37923374555407e-34,-1.70232741616949e-13,1.36490291426761,7.50040627463072e-32,3.18390417255154,2.26100039365112,10.0222320078913,-2.83558520222471,0.012150585609624
389,0.999420664546355,-1.50722807772394e-26,-1.22975604249346e-34,-1.63314525087961e-13,1.36681371909868,2.45149346863988e-33,3.18389455095421,2.26304551116626,10.0312973058354,-2.87266361101315,0.012150585609624
388,0.999391969519983,-5.5111108363579e-27,6.70303980379316e-34,-1.76180759343916e-13,1.36872510176096,-5.00975944015365e-32,3.18388491297255,2.26508463199913,10.0403360225629,-2.90969317824791,0.012150585609624
387,0.99936336815368,-1.36913031716641e-26,-6.57324502365323e-34,-1.76891656045799e-13,1.37063705924581,7.12499099479731e-32,3.18387525855295,2.26711775384317,10.0493481478498,-2.94740417016329,0.012150585609624
386,0.999334860121008,3.48848778394035e-26,6.54114117090632e-34,-1.06655246260045e-13,1.372549588542,-7.02570403994945e-32,3.18386558764427,2.26914487472626,10.0583336729543,-2.98555630678516,0.012150585609624
385,0.999306445096581,4.74465245754894e-27,1.39422776822941e-33,-1.99521615652899e-13,1.37446268663601,-1.46285475942882e-31,3.1838559001987,2.27116599300797,10.0672925906049,-3.02365691984008,0.012150585609624
384,0.999278122756063,5.18090891836782e-27,8.03406307748878e-34,-1.36884048577161e-13,1.3763763505124,-9.7128841259292e-32,3.18384619617069,2.27318110737587,10.076224894984,-3.06167832689267,0.012150585609624
383,0.999249892776163,1.86703995156356e-30,-5.36776682257236e-46,-1.45726465205054e-13,1.37829057715414,-7.25390908173144e-44,3.18383647551744,2.27519021684265,10.0851305817154,-3.10069381983305,0.012150585609624
382,0.999221754834624,9.44949543362349e-27,1.72521795740418e-33,-2.07604283536658e-13,1.38020536354289,-1.79818474150371e-31,3.18382673819899,2.27719332074277,10.0940096478488,-3.13961701629712,0.012150585609624
381,0.99919370861022,2.99293340196092e-27,6.16109282702593e-34,-9.46727537378491e-14,1.38212070665939,-7.43459739889429e-32,3.1838169841777,2.2791904187294,10.102862091847,-3.17924234821951,0.012150585609624
380,0.999165753782751,1.99398798987915e-27,-5.45123750250328e-34,-1.52813414850667e-13,1.3840366034837,7.71633988489937e-32,3.18380721341885,2.28118151077127,10.1116879135712,-3.21882610068501,0.012150585609624
379,0.999137890033037,1.26813166764254e-26,-1.64732529361488e-33,-1.57025970365652e-13,1.38595305099559,1.85927659350917e-31,3.18379742588997,2.28316659714896,10.1204871142651,-3.25899348390058,0.012150585609624
378,0.999110117042911,5.43249235744708e-27,9.31463192959519e-34,-1.4153623896464e-13,1.38787004617481,-1.04212934454636e-31,3.18378762156115,2.28514567845216,10.1292596965428,-3.2992422297651,0.012150585609624
377,0.999082434495214,-3.28623430442405e-26,1.90603690655148e-33,-1.67627656923389e-13,1.38978758600141,-1.93474709241388e-31,3.18377780040509,2.28711875557603,10.1380056643721,-3.33923456085723,0.012150585609624
376,0.999054842073793,-6.75070695478359e-26,2.50634276973322e-33,-1.30177698040047e-13,1.39170566745605,-2.9137514499256e-31,3.18376796239663,2.28908582971823,10.1467250230618,-3.38106369343059,0.012150585609624
375,0.999027339463488,5.20749300571461e-26,-6.00700388473236e-34,-1.66835204894318e-13,1.3936242875203,1.03198906007842e-31,3.18375810751357,2.29104690237551,10.1554177792465,-3.42163104530531,0.012150585609624
374,0.998999926350135,-2.9209701628781e-26,-1.22668198701281e-33,-1.93138050637648e-13,1.39554344317694,9.80495824744041e-32,3.18374823573551,2.29300197534016,10.1640839408709,-3.46321157555668,0.012150585609624
373,0.998972602420557,-3.66938617797174e-26,1.74259102922536e-33,-1.41886972307967e-13,1.39746313141025,-1.82263314320986e-31,3.18373834704484,2.29495105069716,10.1727235171768,-3.50522892162208,0.012150585609624
372,0.99894536736256,4.74858874023005e-26,-3.80334503286413e-34,-1.30999462208343e-13,1.39938334920634,1.21241897937032e-31,3.18372844142598,2.29689413082042,10.1813365186871,-3.54711369531729,0.012150585609624
371,0.998918220864928,-5.80835269080874e-27,7.05606647128402e-34,-1.29698825357181e-13,1.40130409355338,-7.49340973225463e-32,3.18371851886563,2.29883121836978,10.1899229571918,-3.58915641167359,0.012150585609624
370,0.998891162617419,-4.2269619349171e-26,-2.57592505580419e-34,-1.82069846128766e-13,1.40322536144193,5.51214691778548e-32,3.18370857935278,2.30076231628748,10.198482845733,-3.63240795830117,0.012150585609624
369,0.998864192310756,-9.01307861844804e-27,2.34228196192483e-33,-1.45308638855549e-13,1.40514714986519,-2.59215500345024e-31,3.18369862287905,2.30268742779506,10.2070161985905,-3.67480824899505,0.012150585609624
368,0.998837309636632,2.70106053969687e-26,1.07687184415624e-33,-1.67342048046645e-13,1.40706945581933,-1.25143504746733e-31,3.18368864943747,2.30460655638968,10.2155230312661,-3.71823933354491,0.012150585609624
367,0.998810514287694,4.6303418962161e-26,2.69557164627668e-33,-1.26616750333093e-13,1.40899227630372,-3.40682336992604e-31,3.18367865902378,2.30651970584092,10.224003360469,-3.76200956786938,0.012150585609624
366,0.998783805957548,-1.43411689573966e-26,2.36602033565572e-33,-1.08208137820788e-13,1.41091560832118,-2.69830684530689e-31,3.18366865163579,2.3084268801879,10.2324572041033,-3.80482261865818,0.012150585609624
365,0.998757184340751,-1.65624506296544e-27,-7.15322865580791e-35,-1.41043760979771e-13,1.41283944887832,5.02484455915775e-33,3.18365862727326,2.3103280837351,10.2408845812492,-3.84975804108612,0.012150585609624
364,0.998730649132803,-3.66779272668772e-26,-1.34102893467302e-33,-1.33812010062465e-13,1.41476379498575,1.11203458299654e-31,3.18364858593819,2.31222332104957,10.2492855121508,-3.89273493790899,0.012150585609624
363,0.998704200030155,-1.19874919494484e-26,-7.60996675623117e-35,-1.70845988946277e-13,1.41668864365836,-7.82526589342397e-33,3.18363852763405,2.31411259695753,10.2576600182012,-3.93930602690513,0.012150585609624
362,0.998677836730188,-1.66618435719689e-26,-1.57377387739996e-34,-1.62310335919951e-13,1.41861399191556,4.26253999913255e-32,3.18362845236725,2.31599591654094,10.2660081219268,-3.98388370101957,0.012150585609624
361,0.998651558931223,-3.47748658630095e-26,-8.17970315413581e-34,-1.77814724737497e-13,1.42053983678155,7.85785059682876e-32,3.1836183601456,2.31787328513412,10.274329846973,-4.02783594560759,0.012150585609624
360,0.998625366332514,3.97042605487962e-26,6.72953250772482e-34,-2.04764192643095e-13,1.42246617528555,-1.08472737902919e-31,3.18360825097843,2.31974470832052,10.2826252180891,-4.07410614909971,0.012150585609624
359,0.998599258634238,9.42498744696094e-27,-1.34410872987217e-33,-1.90060714484515e-13,1.42439300446205,1.47403230011192e-31,3.18359812487805,2.32161019192942,10.2908942611144,-4.12085523159713,0.012150585609624
358,0.998573235537499,-1.95578157432832e-26,-1.17379355743344e-33,-1.73080864230257e-13,1.42632032135106,1.60751955780034e-31,3.18358798185795,2.32346974203251,10.2991370029626,-4.16715954700878,0.012150585609624
357,0.998547296744321,2.59000103550111e-27,4.02154800844544e-34,-1.54410877800014e-13,1.42824812299835,-5.09314430742358e-32,3.18357782193337,2.32532336494034,10.3073534716061,-4.21394373049202,0.012150585609624
356,0.998521441957644,4.98173604618033e-26,-1.56390192890496e-33,-2.05209712015369e-13,1.43017640645566,1.84953033474763e-31,3.1835676451219,2.32717106719972,10.3155436960646,-4.2592590470968,0.012150585609624
355,0.998495670881325,-3.2915627142262e-26,1.15147587882812e-33,-1.4179244735313e-13,1.43210516878093,-8.60335851807506e-32,3.18355745144234,2.32901285558954,10.3237077063868,-4.30608117657528,0.012150585609624
354,0.998469983220128,5.3165892756892e-26,3.9173532912145e-34,-1.71824345802523e-13,1.43403440703856,-1.35181662265467e-31,3.18354724091557,2.33084873711795,10.3318455336373,-4.35422989379694,0.012150585609624
353,0.998444378679726,-2.2508505761721e-26,4.08497143880207e-35,-2.28021999701508e-13,1.43596411829957,-5.81159705069136e-32,3.18353701356421,2.33267871901919,10.3399572098829,-4.40140588750104,0.012150585609624
352,0.998418856966694,8.92167994197995e-27,-2.67188396573967e-34,-2.05209698348795e-13,1.43789429964189,-2.18547439507139e-32,3.1835267694126,2.3345028087499,10.3480427681763,-4.45012599311924,0.012150585609624
351,0.998393417788511,-4.33669555713444e-26,-1.07552443375661e-33,-1.93812589594493e-13,1.43982494815048,2.00158476080616e-31,3.18351650848663,2.33632101398625,10.3561022425435,-4.49730070470058,0.012150585609624
350,0.998368060853552,-1.55524446258645e-26,-9.82166305072315e-34,-1.53462018342384e-13,1.44175606091763,1.6923225414551e-31,3.18350623081398,2.33813334262017,10.3641356679664,-4.5466713826428,0.012150585609624
349,0.998342785871088,-2.37679068206526e-26,1.00042503841845e-33,-1.42722140191262e-13,1.44368763504312,-1.14803668357804e-31,3.18349593642389,2.33993980275672,10.3721430803722,-4.5939834919169,0.012150585609624
348,0.998317592551282,-2.46274442511183e-26,-3.71978873627352e-34,-1.54265770995217e-13,1.44561966763442,1.46697933400699e-32,3.18348562534686,2.34174040271023,10.3801245166152,-4.64411437762618,0.012150585609624
347,0.998292480605185,1.62701611491328e-26,2.28616753503642e-34,-1.46659492720198e-13,1.44755215580686,-5.87053163546418e-32,3.1834752976156,2.34353515100171,10.3880800144663,-4.6926948925706,0.012150585609624
346,0.998267449744738,-5.12057006221201e-27,3.26006827811253e-35,-1.67569898408486e-13,1.44948509668388,-2.08101644057427e-32,3.18346495326404,2.34532405635505,10.3960096125954,-4.74191473531013,0.012150585609624
345,0.998242499682763,-3.00749663069605e-29,5.64810709232709e-34,-1.58391823844992e-13,1.45141848739721,-9.44950756366137e-32,3.18345459232731,2.34710712769391,10.403913350558,-4.79317501495202,0.012150585609624
344,0.998217630132965,-4.75893604722765e-27,1.27190417304391e-34,-1.73419880786259e-13,1.45335232508699,-3.8190259805673e-32,3.18344421484268,2.34888437413909,10.4117912687834,-4.84245761315136,0.012150585609624
343,0.998192840809928,-1.37120479204028e-26,-1.32256999994526e-33,-1.55093912004346e-13,1.45528660690201,1.93320296303464e-31,3.18343382084839,2.35065580500456,10.4196434085572,-4.89315080384463,0.012150585609624
342,0.998168131429111,-1.1676806483338e-26,7.9796450358854e-34,-1.67179678513552e-13,1.45722132999987,-1.54663647359159e-31,3.18342341038407,2.35242142979486,10.4274698120098,-4.94533661502622,0.012150585609624
341,0.998143501706848,-7.93338453714008e-27,-3.62131605921945e-34,-1.98427459763257e-13,1.45915649154714,6.20110885877983e-32,3.18341298349131,2.3541812582017,10.4352705221013,-4.99609571702982,0.012150585609624
340,0.998118951360346,1.91672416770787e-26,-6.16923037034049e-34,-1.62961849584101e-13,1.46109208871957,4.51308956704422e-32,3.18340254021234,2.35593530010078,10.443045582607,-5.04829435662841,0.012150585609624
339,0.998094480107679,-4.21729896295868e-26,9.74487388225569e-34,-1.82172728277373e-13,1.46302811870218,-1.77548171380967e-31,3.18339208059137,2.35768356554904,10.450795038106,-5.09788539888957,0.012150585609624
338,0.998070087667789,2.53075359887245e-26,-5.40083864138925e-35,-1.57684681347801e-13,1.4649645786895,9.90035431598704e-33,3.18338160467358,2.35942606478103,10.4585189339645,-5.15019971290744,0.012150585609624
337,0.998045773760484,-5.39555585479097e-26,2.28033230761054e-34,-2.15934131657988e-13,1.46690146588566,-3.46414893803146e-32,3.1833711125053,2.36116280820614,10.4662173163237,-5.20368152419416,0.012150585609624
336,0.998021538106433,-6.54203984915981e-26,-6.10826904963585e-34,-1.51705920927411e-13,1.4688387775046,7.70919287924637e-32,3.18336060413492,2.36289380640555,10.4738902320863,-5.25335235466619,0.012150585609624
335,0.997997380427167,2.70029950188953e-26,5.10246649190438e-34,-1.96522583924713e-13,1.47077651077015,-8.96753607191461e-32,3.18335007961107,2.36461907012924,10.4815377289033,-5.30782865038024,0.012150585609624
334,0.997973300445075,1.96576377685599e-27,2.12297861342855e-34,-9.64539371865538e-14,1.47271466291627,-2.55093088676464e-32,3.18333953898419,2.36633861029245,10.4891598551581,-5.36247167501238,0.012150585609624
333,0.997949297883402,-1.05325089623751e-29,-4.38803819044096e-46,-2.02822594409155e-13,1.47465323118708,-6.75579126824097e-44,3.18332898230599,2.36805243797367,10.4967566599578,-5.41605943704668,0.012150585609624
332,0.997925372466249,4.28756703775656e-27,-7.39850266935794e-34,-1.30869410004719e-13,1.47659221283708,1.40767987578767e-31,3.1833184096292,2.36976056441037,10.5043281931144,-5.46848860484419,0.012150585609624
331,0.997901523918569,-5.5177132790317e-27,-1.16664802114838e-33,-2.31520981386085e-13,1.47853160513126,1.50754987583353e-31,3.18330782100749,2.37146300099725,10.5118745051364,-5.52314481469414,0.012150585609624
330,0.997877751966165,-2.27988691961947e-26,-4.14887976057842e-34,-2.10953931465773e-13,1.48047140534522,5.21087241764713e-32,3.18329721649582,2.37315975928229,10.5193956472122,-5.57729995607118,0.012150585609624
329,0.99785405633569,-3.13293436463987e-26,-1.50659713031535e-34,-1.82763851405597e-13,1.4824116107653,2.08072844445832e-32,3.18328659615079,2.37485085096443,10.526891671199,-5.63046736230198,0.012150585609624
328,0.997830436754644,2.71513361359591e-30,1.19953680188938e-47,-2.12308344095444e-13,1.48435221868871,1.66842098408674e-44,3.18327596002898,2.37653628789048,10.5343626296097,-5.68656665914776,0.012150585609624
327,0.997806892951373,-2.80344650104319e-26,1.17445220161189e-33,-2.03121758696722e-13,1.48629322642362,-1.41454476279647e-31,3.183265308189,2.37821608205248,10.5418085756008,-5.74364013498811,0.012150585609624
326,0.997783424655063,9.81472644638671e-27,-6.96851877444164e-35,-1.87032401100235e-13,1.48823463128933,5.3179011782895e-33,3.18325464069037,2.37989024558422,10.5492295629572,-5.79555363691497,0.012150585609624
325,0.997760031595749,4.34473408923214e-26,2.85795645628019e-34,-1.10831298487227e-13,1.49017643061634,-2.31550758015936e-32,3.18324395759285,2.38155879075868,10.5566256460809,-5.85358058894376,0.012150585609624
324,0.9977367135043,3.34710178345805e-26,1.00996270570743e-34,-1.6249001987227e-13,1.49211862174644,-2.43447231043997e-32,3.18323325895833,2.38322172998583,10.5639968799809,-5.90722705848007,0.012150585609624
323,0.997713470112427,2.30472408891823e-26,2.46326310582749e-34,-2.03186862939553e-13,1.49406120203288,-1.67922189201406e-32,3.18322254484853,2.38487907580869,10.571343320256,-5.96418640077209,0.012150585609624
322,0.997690301152675,-2.92855008473576e-26,-4.7914619107455e-35,-1.56679215825256e-13,1.49600416884041,-2.63931278051991e-32,3.18321181532731,2.38653084090134,10.5786650230861,-6.0226767867481,0.012150585609624
321,0.997667206358429,1.23042069320177e-26,-1.38296152731399e-34,-1.88560852470442e-13,1.49794751954541,-9.82787333431534e-33,3.18320107045858,2.38817703806599,10.585962045219,-6.07992866312401,0.012150585609624
320,0.997644185463904,-2.44275500553906e-26,2.97815350871665e-34,-1.36130565211156e-13,1.49989125153596,-1.32373829439319e-32,3.18319031030745,2.38981768023021,10.593234443958,-6.13552489906047,0.012150585609624
319,0.99762123820415,-7.55936511916192e-27,-2.52481952054723e-35,-1.92345779869867e-13,1.50183536221196,1.69991882104899e-32,3.18317953493996,2.39145278044415,10.60048227715,-6.19123832520742,0.012150585609624
318,0.997598364315047,5.56690044565165e-30,-5.51712091457231e-47,-2.00362517901242e-13,1.50377984898519,-2.72815294773238e-44,3.18316874442282,2.39308235187769,10.6077056031725,-6.25041749434642,0.012150585609624
317,0.997575563533305,1.98518363860021e-26,6.22703209079981e-35,-2.00054014748167e-13,1.50572470927943,-9.61000721133394e-33,3.18315793882373,2.39470640781833,10.6149044809244,-6.30860571368044,0.012150585609624
316,0.99755283559646,1.43032166850269e-26,1.40191476659981e-34,-1.98408503743424e-13,1.50766994053048,-2.85218657899338e-32,3.18314711821158,2.39632496166797,10.6220789698117,-6.36614411932445,0.012150585609624
315,0.99753018024288,2.19882429125601e-26,9.88331772942378e-35,-9.31642318852608e-14,1.5096155401863,-2.08488499248283e-32,3.18313628265523,2.39793802694056,10.629229129737,-6.42526703939156,0.012150585609624
314,0.997507597211753,1.45354073588098e-29,-2.27249146710879e-46,-1.24476705248917e-13,1.51156150570705,-6.17857672502593e-44,3.18312543222535,2.3995456172596,10.6363550210886,-6.48077658897449,0.012150585609624
313,0.997485086243094,-1.38703379765755e-26,-7.97070232485827e-35,-2.61549544374427e-13,1.51350783456518,-2.37198303075026e-33,3.18311456699217,2.40114774635502,10.6434567047265,-6.54275431244983,0.012150585609624
312,0.997462647077738,-5.10361551962968e-30,-7.95927948547775e-46,-1.54947986361075e-13,1.51545452424549,-2.36775649893884e-43,3.18310368702782,2.40274442806116,10.6505342419736,-6.60310242235603,0.012150585609624
311,0.997440279457344,6.41697158529746e-30,2.71517935342179e-58,-2.31670961224354e-13,1.51740157224516,8.3796634525567e-56,3.18309279240479,2.40433567631458,10.6575876946057,-6.66105106092979,0.012150585609624
310,0.997417983124392,-2.15582949721236e-26,2.32032850289727e-34,-1.85894728428427e-13,1.5193489760739,-5.01839227066609e-32,3.18308188319564,2.40592150515036,10.6646171248356,-6.7201942925707,0.012150585609624
309,0.997395757822176,3.93992767195162e-27,-7.18947956997258e-36,-2.00551644989635e-13,1.52129673325391,1.4076039388526e-32,3.18307095947453,2.40750192870079,10.6716225953069,-6.78095795263469,0.012150585609624
308,0.997373603294812,-2.66915143399622e-26,1.58136132609253e-35,-1.62393595951844e-13,1.52324484132001,5.9347371369061e-32,3.18306002131584,2.40907696119226,10.67860416908,-6.83951606450672,0.012150585609624
307,0.99735151928723,1.50472544220321e-31,1.15711468041079e-45,-1.41700774803258e-13,1.52519329781965,2.00626528572005e-43,3.18304906879482,2.41064661694322,10.6855619096239,-6.90135913490553,0.012150585609624
306,0.997329505545176,-1.84280014718219e-29,2.64325738769278e-46,-1.26333855323872e-13,1.52714210031297,9.08654472960624e-46,3.18303810198687,2.41221091036128,10.6924958808025,-6.96245321361032,0.012150585609624
305,0.997307561815209,1.11082646981771e-27,1.11686611089755e-34,-1.99734050704851e-13,1.52909124637287,-2.30583326165209e-32,3.18302712096882,2.41376985594167,10.699406146868,-7.02361089576346,0.012150585609624
304,0.997285687844701,-2.16283226037803e-26,-2.51479934956143e-34,-2.10941937686035e-13,1.53104073358502,6.72658304546181e-32,3.18301612581724,2.41532346826363,10.7062927724452,-7.08374920919993,0.012150585609624
303,0.997263883381835,8.82709887074896e-26,1.41331338838294e-34,-1.85771828360737e-13,1.53299055954794,-5.60554699692442e-32,3.18300511661009,2.41687176198948,10.7131558225271,-7.14423222539738,0.012150585609624
302,0.997242148175606,-5.64332618371075e-27,-1.40333201789427e-34,-2.28408828489749e-13,1.534940721873,3.27356368794394e-33,3.1829940934252,2.41841475186109,10.7199953624593,-7.20729353089875,0.012150585609624
301,0.997220481975815,6.18940366807236e-26,-6.03801856849484e-35,-1.88224843538998e-13,1.53689121818447,-3.76830927680108e-32,3.1829830563413,2.41995245269862,10.7268114579345,-7.2726374937778,0.012150585609624
300,0.997198884533073,-5.77341390523234e-30,3.4671103819316e-47,-2.13536984813364e-13,1.53884204611959,1.6615787064289e-44,3.18297200543786,2.42148487939752,10.7336041749789,-7.33278271646086,0.012150585609624
299,0.997177355598796,2.19022548962451e-27,-1.85985533805089e-35,-1.48217102758598e-13,1.54079320332855,5.01324242991514e-33,3.18296094079441,2.42301204692653,10.7403735799439,-7.39549059663807,0.012150585609624
298,0.997155894925208,-4.09970063146389e-26,-1.28450384527453e-34,-2.19217277127975e-13,1.54274468747454,-8.00570427627519e-33,3.18294986249113,2.42453397032553,10.747119739496,-7.46015771297125,0.012150585609624
297,0.997134502265334,1.97109945822954e-26,-1.68504819302971e-35,-2.0013774811094e-13,1.54469649623379,-1.1219705665463e-32,3.18293877060893,2.42605066470347,10.753842720608,-7.52530968754312,0.012150585609624
296,0.997113177373006,1.18419515148848e-26,-8.71310391963058e-35,-2.27985534753889e-13,1.54664862729555,4.69154841740865e-32,3.18292766522908,2.42756214523606,10.7605425905486,-7.5846781261498,0.012150585609624
295,0.997091920002854,-1.03724357718016e-29,-3.29263230165678e-46,-1.85608651140468e-13,1.54860107836219,-1.57865030121593e-44,3.18291654643307,2.4290684271635,10.7672194168723,-7.64516101040271,0.012150585609624
294,0.997070729910313,-2.56540246888909e-26,7.38335348591171e-35,-1.5058698443598e-13,1.55055384714914,-3.12273835877863e-32,3.18290541430314,2.43056952578859,10.773873267411,-7.70866670222925,0.012150585609624
293,0.997049606851615,-4.82623196825232e-26,2.57818971913945e-35,-1.98249955927967e-13,1.55250693138493,-1.0531977993537e-31,3.1828942689217,2.4320654564748,10.7805042102658,-7.78223952577759,0.012150585609624
292,0.997028550583791,1.13236194599028e-29,-2.46108174505289e-46,-2.59550608582689e-13,1.55446032881126,-9.8183263251118e-45,3.18288311037188,2.43355623464357,10.7871123137945,-7.84426362222958,0.012150585609624
291,0.997007560864671,-2.98893504571517e-29,3.99206430074792e-58,-1.49985187901889e-13,1.55641403718291,1.4833272561539e-55,3.18287193873693,2.43504187577309,10.7936976466066,-7.90430934155953,0.012150585609624
290,0.99698663745288,1.9479278019481e-27,1.42120389421284e-34,-1.80845149565328e-13,1.55836805426784,-2.88644518635374e-32,3.18286075410065,2.43652239539587,10.8002602775524,-7.96820063284197,0.012150585609624
289,0.99696578010784,-7.35686701282655e-30,-1.6032311837017e-46,-1.88497487047901e-13,1.56032237784716,-3.53608909356966e-45,3.18284955654707,2.43799780909661,10.8068002757133,-8.03114934937874,0.012150585609624
288,0.996944988589767,2.98666217611484e-26,-2.38037606041513e-35,-1.90097219086384e-13,1.56227700571513,7.14119871090645e-32,3.18283834616047,2.43946813251047,10.8133177103947,-8.10730266497732,0.012150585609624
287,0.996924262659666,-1.89144804185032e-26,7.93169404992146e-35,-2.39668475402986e-13,1.5642319356792,-5.88428962134621e-32,3.18282712302598,2.44093338132131,10.8198126511178,-8.16919442015122,0.012150585609624
286,0.996903602079341,-1.9982258681361e-27,9.31360704545807e-35,-2.04999234919973e-13,1.56618716555994,-3.2339025085472e-32,3.18281588722861,2.44239357125935,10.8262851676091,-8.22513686542372,0.012150585609624
285,0.99688300661138,-4.75405185291648e-29,-7.88743557007047e-46,-1.61018139223382e-13,1.56814269319115,-2.00883798211939e-43,3.18280463885379,2.44384871809937,10.8327353297927,-8.29557465950945,0.012150585609624
284,0.996862476019167,6.1670126024825e-26,-2.36955927389735e-35,-1.93012999097548e-13,1.57009851641974,-6.09425054481833e-33,3.18279337798718,2.44529883765939,10.8391632077844,-8.36017441435583,0.012150585609624
283,0.99684201006687,-5.6146242675472e-26,-9.48330985880842e-35,-1.85712781763958e-13,1.5720546331058,-3.15001247258e-32,3.18278210471483,2.44674394579813,10.8455688718805,-8.43516198673299,0.012150585609624
282,0.996821608519447,4.49699370388927e-27,-7.57729168669816e-35,-2.3518251245973e-13,1.57401104112258,9.12498178526375e-32,3.18277081912325,2.44818405841353,10.8519523925511,-8.49515689521468,0.012150585609624
281,0.996801271142641,-7.8936993334306e-27,9.8117158889568e-35,-2.6925353259685e-13,1.57596773835646,-9.37263963707239e-33,3.18275952129871,2.44961919144097,10.8583138404321,-8.56272771444336,0.012150585609624
280,0.996780997702981,5.60314077615839e-26,-2.5378831198757e-34,-1.72907919788331e-13,1.57792472270698,7.3721457350238e-32,3.1827482113282,2.45104936085148,10.8646532863177,-8.62711286181333,0.012150585609624
279,0.99676078796778,3.82866995112709e-26,-1.30363701038634e-35,-2.21013134125563e-13,1.57988199208678,3.58056049458209e-32,3.18273688929897,2.45247458264999,10.870970801152,-8.70218345307428,0.012150585609624
278,0.996740641705135,-3.91030245569969e-26,3.7200676865931e-35,-2.03003202463148e-13,1.58183954442164,-2.07409865631968e-32,3.18272555529777,2.45389487287352,10.8772664560217,-8.77440451785874,0.012150585609624
277,0.996720558683923,-9.2257216976891e-30,-6.06904682720635e-47,-6.76990829007373e-14,1.58379737765042,-3.79281135129166e-44,3.18271420941264,2.45531024758937,10.8835403221476,-8.83557786134892,0.012150585609624
276,0.996700538673804,4.33726642606936e-26,7.99997374131493e-35,-2.0188514480888e-13,1.58575548972506,-3.71245096074435e-32,3.18270285173087,2.45672072289425,10.8897924708808,-8.90578398474559,0.012150585609624
275,0.996680581445215,1.81305358246007e-27,-9.92061212441354e-35,-1.63197276015339e-13,1.58771387861057,3.95657762752312e-32,3.1826914823408,2.45812631491155,10.8960229736907,-8.9722403624796,0.012150585609624
274,0.996660686769374,-3.05992339541802e-26,9.01023766744976e-35,-2.22831740135789e-13,1.58967254228501,8.70331315371418e-33,3.18268010133008,2.45952703979016,10.9022319021598,-9.04528137742278,0.012150585609624
273,0.996640854418274,6.79133406093762e-30,1.89402798415973e-46,-1.57090692990184e-13,1.59163147873945,-3.24597652087741e-44,3.18266870878714,2.46092291370326,10.9084193279781,-9.11886412227213,0.012150585609624
272,0.996621084164687,2.57889035199906e-30,-5.57816686055082e-46,-1.65476264747057e-13,1.59359068597797,-5.8175781557985e-44,3.18265730480024,2.46231395284608,10.9145853229335,-9.19321224643344,0.012150585609624
271,0.996601375782157,3.27383530374994e-29,-1.05271054540256e-58,-2.47315873112349e-13,1.59555016201763,-4.07383472149902e-56,3.18264588945834,2.46370017343498,10.9207299589075,-9.25288876434246,0.012150585609624
270,0.996581729045004,-4.18974394097314e-26,-5.91817783778347e-35,-2.39125750533717e-13,1.59750990488843,-4.08746010727955e-32,3.18263446284957,2.46508159170501,10.9268533078644,-9.31978265462699,0.012150585609624
269,0.996562143728318,4.7903633317983e-26,-7.17481344123615e-35,-2.16301240189369e-13,1.59946991263328,4.47582169414575e-32,3.18262302506337,2.46645822391006,10.9329554418522,-9.38444860773308,0.012150585609624
268,0.996542619607964,-3.0680463052406e-30,-2.39025348023545e-47,-2.73589981736181e-13,1.60143018330803,5.21107866420791e-45,3.18261157618797,2.46783008631909,10.9390364329855,-9.46113369765441,0.012150585609624
267,0.996523156460575,-6.30554649908432e-26,1.73229296402819e-35,-1.55960333827164e-13,1.60339071498135,5.41199950107283e-32,3.18260011631284,2.46919719521662,10.945096353448,-9.52811399290243,0.012150585609624
266,0.996503754063553,4.08633447407362e-26,-3.49829414692117e-35,-2.23896088841861e-13,1.60535150573477,-4.31956087910224e-32,3.18258864552699,2.47055956690041,10.9511352754819,-9.59215878649943,0.012150585609624
265,0.996484412195069,2.53235645270362e-27,-1.96747448613919e-35,-1.53988055483937e-13,1.60731255366262,-5.78205357157733e-33,3.18257716391956,2.47191721768016,10.9571532713826,-9.66941255137798,0.012150585609624
264,0.996465130634059,-8.42157444979164e-26,1.58676860010631e-34,-1.59426258055246e-13,1.609273856872,-4.21246393978752e-32,3.18256567157998,2.47327016387603,10.9631504134916,-9.73527106722867,0.012150585609624
263,0.996445909160226,1.55119132237389e-30,2.49283418980879e-46,-2.6841210870365e-13,1.61123541348273,5.6367025459136e-44,3.18255416859749,2.47461842181747,10.9691267741917,-9.82939503800011,0.012150585609624
262,0.996426747554035,4.20599123444354e-30,1.53217442563901e-58,-2.80954061412589e-13,1.61319722162734,2.80384176359312e-56,3.18254265506168,2.47596200784194,10.9750824259013,-9.8808625288414,0.012150585609624
261,0.996407645596717,-5.6113362422676e-30,-3.4207111865644e-46,-1.98609747089343e-13,1.61515927945103,-1.15837023836101e-43,3.1825311310619,2.47730093829321,10.9810174410666,-9.95909620933786,0.012150585609624
260,0.996388603070262,9.7175407419312e-27,2.47336868382471e-35,-1.83491986610653e-13,1.61712158511162,8.46778640360603e-32,3.18251959668764,2.47863522952001,10.9869318921558,-10.0218879413076,0.012150585609624
259,0.99636961975742,-6.91075926210357e-26,-2.36597625461756e-35,-1.73612925630746e-13,1.61908413677949,1.20717298318147e-31,3.18250805202854,2.47996489787548,10.9928258516569,-10.0928351430837,0.012150585609624
258,0.996350695441704,1.44707146214647e-29,2.71852244192897e-46,-2.38629579611285e-13,1.62104693263761,-7.77501694815223e-44,3.18249649717372,2.48128995971491,10.9986993920671,-10.1904230785712,0.012150585609624
257,0.99633182990738,-3.45372006622213e-30,4.87833014886028e-46,-2.34917549920516e-13,1.6230099708814,4.01833282289394e-44,3.18248493221367,2.4826104313957,11.0045525858931,-10.2494387009421,0.012150585609624
256,0.996313022939473,-5.70786188903427e-26,5.98868453995876e-35,-1.45028832100573e-13,1.62497324971879,-5.59477476669348e-32,3.1824733572373,2.48392632927437,11.0103855056377,-10.3163554675829,0.012150585609624
255,0.996294274323764,-6.50986426395312e-27,-2.49581236073077e-34,-2.68407389922815e-13,1.62693676737011,-8.1033549429867e-32,3.18246177233412,2.48523766970712,11.0161982238023,-10.3968758704209,0.012150585609624
254,0.996275583846785,6.63517001572295e-30,3.75854864592005e-46,-2.36423487528332e-13,1.62890052206806,1.08419994855006e-43,3.18245017759406,2.48654446904781,11.0219908128779,-10.4688807598542,0.012150585609624
253,0.996256951295824,3.34465200137988e-26,1.22788518124516e-34,-2.01232260795232e-13,1.63086451205766,2.06817416479154e-32,3.18243857310677,2.48784674364676,11.0277633453398,-10.5207321436841,0.012150585609624
252,0.996238376458918,1.75635917173358e-26,8.18404880981401e-35,-2.70379329157508e-13,1.63282873559624,-4.38884451613971e-32,3.18242695896121,2.4891445098496,11.0335158936425,-10.6203695744011,0.012150585609624
251,0.996219859124855,-1.12563676484988e-30,-1.53493760386113e-69,-1.50253552963046e-13,1.63479319095335,-5.73622935569199e-67,3.18241533524733,2.4904377839967,11.0392485302172,-10.6713078773533,0.012150585609624
250,0.996201399083172,-1.52658231083335e-30,-9.70945958728285e-58,-2.05171127082908e-13,1.63675787641073,-2.82514936790451e-55,3.18240370205419,2.49172658242129,11.0449613274634,-10.752463348134,0.012150585609624
249,0.99618299612415,-1.09568993884024e-29,-6.63801260920351e-58,-1.90331473818886e-13,1.63872279026226,-3.71907306653871e-55,3.18239205947165,2.49301092144872,11.0506543577459,-10.8323943585039,0.012150585609624
248,0.99616465003882,3.90164965948477e-26,-6.37785582202748e-35,-2.54165867437392e-13,1.64068793081392,1.83780078191739e-32,3.18238040758881,2.49429081739558,11.0563276933903,-10.9033362061312,0.012150585609624
247,0.996146360618955,-1.7894694812791e-29,-2.26650447415818e-46,-1.94043540167625e-13,1.64265329638373,-2.33075346136526e-44,3.18236874649515,2.4955662865685,11.0619814066784,-10.98722254519,0.012150585609624
246,0.996128127657073,-4.63740521504495e-27,-1.6823711883167e-35,-1.61803203190368e-13,1.64461888530169,-1.42828394076888e-31,3.18235707627958,2.49683734526271,11.0676155698412,-11.0530386033757,0.012150585609624
245,0.99610995094643,1.89188627835387e-26,-1.09161640040639e-34,-2.45808821024666e-13,1.64658469590976,-6.66040212576334e-32,3.18234539703164,2.49810400976167,11.0732302550577,-11.1271063624558,0.012150585609624
244,0.996091830281027,-1.28480506397435e-26,2.01428303853092e-34,-2.1357092277958e-13,1.64855072656178,-8.43360772986152e-32,3.18233370884007,2.49936629633575,11.0788255344488,-11.1917302361573,0.012150585609624
243,0.996073765455601,3.97108492152144e-32,1.64971647043088e-142,-2.37175352241053e-13,1.65051697562342,-4.57179678951251e-141,3.18232201179365,2.50062422124118,11.0844014800728,-11.2929487874399,0.012150585609624
242,0.996055756265625,-3.02646402206106e-26,-6.48957370310368e-35,-2.51045468440137e-13,1.65248344147214,1.52871065493929e-31,3.18231030598205,2.5018778007196,11.0899581639231,-11.3495116585747,0.012150585609624
241,0.996037802507313,8.64209962339853e-30,1.52956978829156e-46,-2.3875573968982e-13,1.65445012249714,2.60334980325345e-44,3.18229859149329,2.50312705099608,11.09549565792,-11.4432400063255,0.012150585609624
240,0.996019903977608,1.29344419019826e-26,-3.54958427152541e-35,-1.97858835061654e-13,1.65641701709928,-1.45690475967327e-32,3.1822868684162,2.50437198827933,11.101014033911,-11.5240055211474,0.012150585609624
239,0.99600206047419,-1.57014471074317e-30,2.90027044221524e-46,-1.9876359389941e-13,1.65838412369105,-1.80855083051922e-44,3.18227513683959,2.50561262876019,11.1065133636645,-11.5856003631918,0.012150585609624
238,0.995984271795467,-3.30958730309747e-29,-2.28222033065352e-46,-2.02478988437385e-13,1.66035144069651,-9.92403951492536e-44,3.18226339685181,2.50684898861066,11.1119937188655,-11.6561258346129,0.012150585609624
237,0.995966537740582,2.56454264790237e-29,9.73466766088887e-58,-1.22776198735681e-13,1.66231896655122,2.46491145949969e-55,3.18225164854089,2.5080810839833,11.1174551711125,-11.7421581387446,0.012150585609624
236,0.995948858109401,3.02512799897282e-26,-5.18628107582793e-35,-1.70357617807839e-13,1.66428669970218,6.10325130506258e-32,3.18223989199554,2.50930893101081,11.1228977919163,-11.8041454210582,0.012150585609624
235,0.995931232702521,-3.04545656398112e-30,-1.90027765669754e-70,-1.65286429034399e-13,1.66625463860783,3.8606171048854e-67,3.1822281273034,2.51053254580379,11.1283216526896,-11.8907920390852,0.012150585609624
234,0.995913661321263,-6.32707288874515e-26,-1.18216160784336e-35,-3.13027856066967e-13,1.66822278173791,-1.32611185258637e-31,3.1822163545523,2.51175194445145,11.1337268247503,-11.958387653147,0.012150585609624
233,0.995896143767673,-2.17552526867547e-26,8.84842352321938e-35,-1.60548933674645e-13,1.67019112757348,1.08061455939454e-31,3.1822045738302,2.51296714301978,11.1391133793134,-12.0458282043983,0.012150585609624
232,0.995878679844519,8.73587523374923e-31,1.13733669430639e-69,-2.31474668484354e-13,1.67215967460678,2.74894194116864e-67,3.18219278522463,2.5141781575513,11.1444813874897,-12.1332595240185,0.012150585609624
231,0.995861269355288,-5.3937304811308e-26,2.65514786491984e-36,-2.23654288633588e-13,1.67412842134124,1.70792840445662e-31,3.18218098882337,2.51538500406441,11.1498309202834,-12.1964379867882,0.012150585609624
230,0.99584391210419,-4.1428076248498e-26,-1.38871433238207e-34,-2.91543124055351e-13,1.67609736629143,-1.54937819661545e-31,3.18216918471305,2.51658769855155,11.1551620485833,-12.2796956969994,0.012150585609624
229,0.995826607896152,2.50903807206198e-27,1.00320728661005e-34,-2.08980805507754e-13,1.6780665079829,-9.97516982943948e-32,3.18215737298126,2.51778625698025,11.160474843168,-12.3422759875818,0.012150585609624
228,0.995809356536813,-7.97329895544925e-30,-6.45440604310744e-46,-1.8434614764333e-13,1.68003584495224,-3.20196699098221e-43,3.18214555371495,2.51898069529061,11.1657693746945,-12.4035935858298,0.012150585609624
227,0.995792157832534,7.96396550698133e-30,-4.73442221839909e-69,-2.48390330684308e-13,1.68200537574697,-2.29637532352519e-66,3.18213372700069,2.52017102939567,11.1710457136997,-12.5052668948328,0.012150585609624
226,0.995775011590383,5.69069452625295e-30,-3.46796566663883e-46,-2.86185664578963e-13,1.68397509892545,-3.0832945272847e-43,3.18212189292495,2.52135727518055,11.1763039305969,-12.5951494176745,0.012150585609624
225,0.995757917618141,-1.09213969376808e-29,4.89500820065125e-46,-1.75588576037367e-13,1.68594501305687,6.95503839363716e-44,3.18211005157456,2.52253944850141,11.1815440956709,-12.637234323363,0.012150585609624
224,0.995740875724302,-4.27625989868699e-26,-3.37178501124502e-35,-1.71236868396283e-13,1.68791511672117,-2.47967829668955e-32,3.18209820303525,2.52371756518511,11.1867662790768,-12.7338420330156,0.012150585609624
223,0.995723885718064,-3.46459580552361e-30,2.26650447415818e-47,-2.24771308056421e-13,1.68988540850898,-2.08749680607388e-43,3.18208634739335,2.52489164102868,11.1919705508373,-12.8444183754164,0.012150585609624
222,0.995706947409333,-2.18012131430003e-26,1.61515678867867e-34,-2.43481696159033e-13,1.69185588702156,-2.49289437967584e-33,3.1820744847347,2.5260616917979,11.1971569808366,-12.8972976750413,0.012150585609624
221,0.995690060608722,-3.83991718210391e-26,-3.47275928721444e-35,-2.01003244960233e-13,1.69382655087071,-1.0362198993459e-31,3.1820626151447,2.5272277332279,11.2023256388232,-12.988097265194,0.012150585609624
220,0.995673225127544,1.30207957193551e-29,-2.03988055600138e-82,-1.86226081812704e-13,1.69579739867879,-1.05506399376773e-79,3.18205073870892,2.52838978102129,11.2074765944012,-13.0661403646669,0.012150585609624
219,0.995656440777817,-7.10271519971398e-27,9.20191671503072e-36,-1.95317631756829e-13,1.69776842907855,1.40857325149429e-31,3.18203885551248,2.52954785084855,11.2126099170325,-13.1346185245032,0.012150585609624
218,0.995639707372255,-1.28755374584366e-26,1.81155434405223e-34,-2.38911150106801e-13,1.69973964071315,3.0079555672005e-31,3.18202696564039,2.53070195834703,11.2177256760321,-13.219886080259,0.012150585609624
217,0.995623024724276,1.08763299991025e-30,7.91993638894519e-47,-2.26490205593064e-13,1.70171103223608,4.37248911446353e-44,3.18201506917738,2.53185211912023,11.2228239405648,-13.29600164801,0.012150585609624
216,0.995606392647988,2.39350675750871e-26,-8.11868948719837e-35,-2.06235666980669e-13,1.70368260231107,5.01970882433901e-32,3.18200316620819,2.53299834873759,11.2279047796445,-13.3933106727067,0.012150585609624
215,0.995589810958198,-7.76187926803056e-26,-2.83608399616024e-34,-2.27778822045894e-13,1.70565434961206,-2.04505830348149e-31,3.18199125681691,2.53414066273353,11.2329682621302,-13.4517771786582,0.012150585609624
214,0.995573279470407,8.16897346717783e-30,4.39624920279916e-70,-2.30146068458278e-13,1.70762627282311,2.65874737754352e-67,3.18197934108772,2.53527907660752,11.2380144567253,-13.5752013641344,0.012150585609624
213,0.995556798000804,-2.14911205006187e-29,5.50209561844264e-82,-2.12512983225908e-13,1.70959837063839,5.47733071887971e-79,3.18196741910442,2.53641360582289,11.2430434319737,-13.6273344168534,0.012150585609624
212,0.995540366366271,-3.07010269017999e-29,2.53914580874929e-57,-1.70633380544225e-13,1.71157064176204,1.63843528965306e-54,3.18195549095056,2.53754426580668,11.2480552562579,-13.729754248041,0.012150585609624
211,0.995523984384376,-1.46454355388103e-25,9.03881687385413e-35,-2.2892538745228e-13,1.71354308490818,1.00999297468697e-31,3.18194355671005,2.5386710719495,11.2530499977993,-13.8050369725469,0.012150585609624
210,0.995507651873375,-3.98210379436877e-30,-1.1452262229803e-46,-2.38060387364386e-13,1.7155156988008,-3.13277787930617e-43,3.18193161646503,2.53979403960398,11.2580277246507,-13.9101957640839,0.012150585609624
209,0.995491368652205,-6.3408104441304e-26,-6.65440464338285e-35,-2.94185549584472e-13,1.71748848217371,7.10844943829254e-34,3.18191967029984,2.54091318408576,11.2629885047011,-13.9337986479376,0.012150585609624
208,0.995475134540493,7.11602483555034e-26,3.86088364462696e-35,-1.83116543946922e-13,1.71946143377052,7.15002197150372e-32,3.18190771829559,2.54202852067143,11.2679324056663,-14.0360964198572,0.012150585609624
207,0.995458949358538,5.86401274980985e-29,-1.57837461717294e-103,-2.80726547081191e-13,1.7214345523445,1.60941889141126e-101,3.18189576053587,2.54314006459959,11.2728594950938,-14.071652992308,0.012150585609624
206,0.995442812927325,-9.0399770295928e-30,-3.84465662635359e-58,-2.41013569883818e-13,1.72340783665858,-9.84331664590964e-56,3.18188379710212,2.54424783106936,11.2777698403559,-14.1776017499852,0.012150585609624
205,0.995426725068515,2.22891601304284e-26,6.63167076630894e-35,-2.41817268454074e-13,1.72538128548526,6.97320646224173e-32,3.18187182807625,2.54535183524041,11.2826635086502,-14.2580610931186,0.012150585609624
204,0.995410685604442,1.00927697501674e-30,-3.59818276331452e-46,-2.32717997413329e-13,1.72735489760655,-4.40697419385902e-44,3.18185985354046,2.54645209223263,11.287540566998,-14.3568150340953,0.012150585609624
203,0.995394694358118,-6.04777172442356e-30,-3.42883639128308e-46,-1.78811298777047e-13,1.72932867181391,3.06358876763013e-43,3.18184787357563,2.5475486171253,11.2924010822406,-14.4408521114894,0.012150585609624
202,0.995378751153223,-9.76042281950389e-30,-6.44713612309599e-46,-1.64167822183572e-13,1.73130260690821,-3.87459025385812e-43,3.18183588826301,2.54864142495708,11.297245121039,-14.5391877412744,0.012150585609624
201,0.99536285581411,-3.49727874993894e-30,1.23853778453904e-45,-1.54510912026038e-13,1.73327670169962,1.52183202754526e-43,3.1818238976838,2.54973053072585,11.3020727498738,-14.6067491313617,0.012150585609624
200,0.995347008165801,-2.28609719686917e-29,-4.01000234984552e-46,-1.88473075641914e-13,1.7352509550076,-6.00806716579265e-43,3.18181190191805,2.55081594938746,11.3068840350389,-14.6308177884324,0.012150585609624
199,0.995331208033984,-1.28813513747248e-29,7.60775747080643e-47,-2.79628997185316e-13,1.7372253656608,4.03048470801426e-43,3.18179990104595,2.55189769585603,11.3116790426436,-14.744031703624,0.012150585609624
198,0.99531545524501,1.64984610641388e-29,-1.10313094555011e-105,-2.27332313174684e-13,1.73919993249701,-4.66481641864061e-103,3.18178789514821,2.55297578500404,11.3164578386124,-14.863161450318,0.012150585609624
197,0.995299749625895,2.75269878379502e-30,3.26959537990607e-70,-1.85278903941537e-13,1.74117465436312,1.76576686358042e-67,3.18177588430421,2.55405023166075,11.3212204886782,-14.9043325513162,0.012150585609624
196,0.995284091004315,2.59653582297438e-30,6.66514106643043e-58,-2.78256474449996e-13,1.743149530115,1.51064940473135e-55,3.18176386859347,2.5551210506133,11.3259670583873,-15.0080679581257,0.012150585609624
195,0.995268479208608,7.49015742122043e-30,-1.52518645416701e-46,-2.35464489580455e-13,1.74512455861752,-1.77264255737089e-43,3.18175184809531,2.55618825660488,11.3306976130913,-15.0771281254951,0.012150585609624
194,0.995252914067766,4.95462030587356e-26,1.43369627675521e-34,-2.55218727293978e-13,1.74709973874441,1.4401765567061e-31,3.18173982288831,2.55725186433589,11.3354122179518,-15.1947349562666,0.012150585609624
193,0.995237395411438,3.91532186682233e-30,4.12033407707813e-47,-2.14039016894017e-13,1.74907506937826,-3.3149466796684e-44,3.18172779305161,2.55831188846247,11.3401109379346,-15.2505511767912,0.012150585609624
192,0.995221923069929,-6.80023148302693e-30,1.37964248710182e-57,-2.25994615501508e-13,1.75105054941042,9.10790559243312e-55,3.18171575866311,2.5593683435972,11.3447938378119,-15.3343925436642,0.012150585609624
191,0.995206496874192,-9.00095593447779e-30,4.90653639582962e-57,-2.04905129566123e-13,1.75302617774096,2.81658649888218e-54,3.18170371980122,2.56042124430786,11.3494609821579,-15.4575152813524,0.012150585609624
190,0.995191116655833,1.16262202850855e-30,-1.530745804764e-46,-1.69704736120758e-13,1.75500195327859,2.9374719058409e-43,3.18169167654369,2.56147060511795,11.3541124353501,-15.4463222448876,0.012150585609624
189,0.995175782247106,1.60738734752739e-29,8.70631722194852e-46,-2.55597132983718e-13,1.75697787494061,2.04025772112418e-43,3.18167962896744,2.56251644050584,11.3587482615662,-15.6044551822557,0.012150585609624
188,0.995160493480908,8.93241546592645e-30,-9.06869066134282e-47,-2.13283612747801e-13,1.75895394165287,-4.89086006982119e-45,3.18166757715057,2.56355876490525,11.3633685247859,-15.697872703629,0.012150585609624
187,0.995145250190785,3.30792107751031e-29,-1.60381919193792e-46,-2.24665107463281e-13,1.76093015234967,-4.89578650973483e-44,3.18165552116947,2.5645975927039,11.3679732887849,-15.7696251900897,0.012150585609624
186,0.995130052210922,2.42035204940167e-30,1.86452066176032e-47,-1.89254241327557e-13,1.76290650597372,-6.90467923007549e-44,3.1816434611008,2.56563293824441,11.372562617139,-15.8474379915047,0.012150585609624
185,0.995114899376147,3.98668575736101e-26,-1.62773825165232e-35,-2.4057847119651e-13,1.76488300147609,-1.56104474294849e-32,3.18163139702109,2.56666481582361,11.3771365732212,-15.9411221335248,0.012150585609624
184,0.995099791521925,-6.25545963475084e-30,3.26205587337332e-46,-2.53342962754182e-13,1.76685963781612,1.26510976982325e-43,3.18161932900626,2.5676932396919,11.3816952201987,-15.976627995879,0.012150585609624
183,0.995084728484359,4.17563509230419e-26,-1.823535202881e-34,-1.48769572707235e-13,1.76883641396142,-1.67584093516222e-31,3.18160725713198,2.56871822405383,11.3862386210351,-16.0499042878534,0.012150585609624
182,0.995069710100186,-2.33811258192716e-26,-1.30437444942049e-34,-2.29067500902806e-13,1.77081332888772,-1.41651018935104e-31,3.18159518147364,2.56973978306712,11.3907668384868,-16.1532427934311,0.012150585609624
181,0.995054736206776,4.5455831692495e-26,-9.71704038008012e-35,-2.70874668806095e-13,1.77279038157889,-1.01531678860184e-31,3.1815831021066,2.57075793084327,11.3952799351053,-16.2209950887959,0.012150585609624
180,0.995039806642132,-5.88610295047044e-26,-1.65476360146169e-34,-2.78965766247453e-13,1.77476757102685,-1.56023271145094e-31,3.18157101910528,2.57177268144677,11.3997779732334,-16.3033693729237,0.012150585609624
179,0.995024921244882,2.40604866590303e-30,-6.05541572718488e-47,-1.93054013013243e-13,1.77674489623152,-1.43326558554223e-42,3.18155893254466,2.57278404889493,11.4042610150052,-16.3864768827515,0.012150585609624
178,0.995010079854286,-5.0091581211601e-26,-2.95648216833329e-34,-2.94887161511089e-13,1.77872235620072,-2.94811350078884e-31,3.18154684249832,2.57379204715815,11.4087291223465,-16.5429872412764,0.012150585609624
177,0.994995282310225,7.91513063779112e-27,-6.19103716808069e-35,-2.40855579875814e-13,1.78069994995019,-6.77818019449681e-32,3.18153474904104,2.57479669015947,11.4131823569734,-16.6203746395535,0.012150585609624
176,0.994980528453207,-3.18427032786218e-30,3.52035185495663e-46,-2.60647065668221e-13,1.78267767650347,1.8041717728182e-43,3.18152265224594,2.57579799177427,11.4176207803905,-16.6736789103085,0.012150585609624
175,0.994965818124359,6.74757035774784e-26,1.05552045864149e-34,-2.12841646912648e-13,1.78465553489184,1.11382885757363e-31,3.18151055218643,2.57679596583036,11.4220444538919,-16.8132474566682,0.012150585609624
174,0.994951151165427,-2.75132407962714e-29,4.88008858089871e-57,-2.32817833050131e-13,1.78663352415433,3.30024920310199e-54,3.18149844893548,2.57779062610774,11.4264534385594,-16.8235442854397,0.012150585609624
173,0.994936527418778,4.41332331356601e-26,1.09065212769673e-34,-2.01232803820202e-13,1.78861164333757,1.05732401962395e-31,3.18148634256543,2.57878198633875,11.4308477952639,-16.9105099875654,0.012150585609624
172,0.994921946727392,9.25930812352688e-26,-2.38564007105491e-34,-1.85852259603021e-13,1.79058989149579,-1.95217262067047e-31,3.18147423314889,2.57977006020728,11.4352275846612,-17.1040184179037,0.012150585609624
171,0.994907408934861,-4.30911137929276e-30,8.42264455503091e-58,-2.56321707934046e-13,1.79256826769078,1.30410503845303e-54,3.18146212075802,2.58075486134907,11.4395928671938,-17.1696878371159,0.012150585609624
170,0.994892913885391,-1.76144715071765e-30,7.76598514164388e-47,-2.98825528060036e-13,1.79454677099177,-1.98261837413457e-43,3.18145000546495,2.58173640335222,11.4439437030931,-17.2615178775106,0.012150585609624
169,0.994878461423798,-1.66611093641992e-29,8.30934301985389e-116,-2.88127061760823e-13,1.79652540047541,6.31122686394469e-113,3.18143788734055,2.58271469975547,11.4482801523716,-17.3503589328906,0.012150585609624
168,0.994864051395505,-4.22161767024553e-31,-4.55460488717391e-46,-2.62204026367742e-13,1.79850415522573,-1.20643039662965e-43,3.18142576645625,2.58368976404986,11.4526022748305,-17.4281176002469,0.012150585609624
167,0.994849683646541,-7.32589259419574e-26,2.73457638554689e-34,-2.43886771386891e-13,1.80048303433406,2.30570489766898e-31,3.18141364288247,2.58466160967735,11.4569101300533,-17.4611416514266,0.012150585609624
166,0.994835358023538,-1.00012158905434e-29,-2.48246386273363e-46,-2.12228856168239e-13,1.80246203689898,-1.72534873419993e-43,3.18140151669024,2.58563025003147,11.4612037774089,-17.5683576335008,0.012150585609624
165,0.99482107437373,-1.18491063451572e-29,-1.67492456203633e-57,-2.2553701169291e-13,1.80444116202626,-6.23496346719464e-55,3.18138938794931,2.5865956984569,11.4654832760497,-17.7173797471846,0.012150585609624
164,0.994806832544953,1.19573244492283e-30,-5.05473261972636e-46,-1.78882268430969e-13,1.80642040882882,3.21422835254505e-44,3.18137725672983,2.58755796824942,11.4697486849111,-17.7353552889248,0.012150585609624
163,0.994792632385639,-1.4652360594122e-29,-2.59791440927959e-57,-2.8871421392465e-13,1.80839977642666,-1.64024743170197e-54,3.18136512310116,2.58851707265588,11.474000062712,-17.8742785946162,0.012150585609624
162,0.994778473744814,-1.95517217737211e-30,2.10248460547087e-57,-2.21833548390496e-13,1.81037926394679,-6.16526569608259e-56,3.18135298713317,2.58947302487452,11.4782374679555,-17.8974463583276,0.012150585609624
161,0.994764356472104,-9.47158353935924e-31,-3.84696566867407e-69,-2.32536109442121e-13,1.81235887052325,-2.219728055802e-66,3.18134084889351,2.59042583805378,11.4824609589242,-17.9317257667648,0.012150585609624
160,0.994750280417721,-2.71007106099287e-29,1.18029289597671e-46,-2.72448788261591e-13,1.81433859529696,2.3848348239728e-43,3.18132870845199,2.59137552529378,11.4866705936863,-18.0182697028498,0.012150585609624
159,0.99473624543247,-4.17377077540623e-29,-7.59503511078639e-46,-1.77585907888348e-13,1.81631843741571,-4.44299194344987e-43,3.1813165658762,2.59232209964499,11.49086643009,-18.2620459572207,0.012150585609624
158,0.994722251367743,-8.89626449750547e-26,-4.62825645874832e-35,-1.90161553438951e-13,1.81829839603411,-1.43960912354244e-32,3.18130442123482,2.59326557410891,11.4950485257665,-18.2319047260513,0.012150585609624
157,0.99470829807552,9.46684769543455e-27,2.51862337962145e-34,-2.2924593555777e-13,1.82027847031357,2.17799354902276e-31,3.18129227459479,2.59420596163765,11.4992169381281,-18.2738310440092,0.012150585609624
156,0.994694385408362,9.02698290256094e-30,6.08727508252918e-46,-2.3121998708103e-13,1.82225865942214,4.11642371539668e-43,3.18128012602393,2.59514327513427,11.5033717243695,-18.4155721122126,0.012150585609624
155,0.994680513219416,-8.19273832403316e-30,8.3556620605069e-58,-2.43040400116193e-13,1.8242389625346,3.63920688846264e-55,3.1812679755889,2.59607752745232,11.507512941466,-18.5183931372355,0.012150585609624
154,0.994666681362406,-8.32844189774219e-26,-6.46003940753927e-35,-2.19370265770609e-13,1.82621937883228,-2.95981954373207e-32,3.18125582335662,2.59700873139581,11.5116406461734,-18.6161368145463,0.012150585609624
153,0.994652889691635,2.94451295332917e-31,-3.32818845344579e-68,-1.92960311049938e-13,1.8281999075031,-2.88367595677505e-65,3.18124366939341,2.59793689972014,11.515754895032,-18.6832222096865,0.012150585609624
152,0.994639138061982,-5.69305003245458e-30,-4.94953260073713e-46,-1.81952260917502e-13,1.83018054774146,-4.80984750235241e-44,3.1812315137656,2.59886204513049,11.5198557443594,-18.860988436808,0.012150585609624
151,0.994625426328902,1.04217366031134e-26,-4.63059367212554e-35,-2.80645785081619e-13,1.83216129874821,-8.61028453079011e-32,3.18121935653891,2.59978418028343,11.5239432502578,-18.8733772071035,0.012150585609624
150,0.994611754348421,8.84349659343113e-26,-7.92727676255626e-34,-2.10761482049698e-13,1.83414215973062,-5.7807802907902e-31,3.18120719777836,2.60070331778564,11.5280174686083,-18.8481167942819,0.012150585609624
149,0.994598121977135,-1.46366986333573e-29,8.7433364653949e-58,-2.15966400137829e-13,1.83612312990229,4.02653980538727e-55,3.18119503754952,2.60161947019436,11.5320784550727,-19.0759020537639,0.012150585609624
148,0.994584529072208,-6.23457292326497e-26,-6.91164597002596e-34,-3.12506764295766e-13,1.83810420848312,-5.52432880084193e-31,3.18118287591711,2.60253265001793,11.5361262650963,-19.1035274230707,0.012150585609624
147,0.994570975491373,-1.97378228462585e-26,-1.20440508336778e-34,-2.01031920112588e-13,1.84008539469929,-1.55524414852492e-31,3.18117071294513,2.60344286971465,11.5401609539023,-19.2689973684807,0.012150585609624
146,0.994557461092923,8.67956250711698e-28,1.36503454969773e-34,-2.65679390640629e-13,1.84206668778312,9.36538918791652e-32,3.18115854869848,2.60435014169424,11.5441825764988,-19.2885646917946,0.012150585609624
145,0.994543985735717,-3.18837689933298e-29,-1.01267905493544e-57,-2.46349444965706e-13,1.84404808697313,-5.55097941197436e-55,3.18114638324068,2.60525447831653,11.5481911876725,-19.318708197804,0.012150585609624
144,0.994530549279174,-8.41005868735784e-30,-5.53369205577488e-47,-2.92252936259465e-13,1.84602959151392,-6.1394388968231e-43,3.18113421663529,2.60615589189194,11.5521868419914,-19.4101979559705,0.012150585609624
143,0.994517151583269,-5.69180026937196e-30,-4.43892763052112e-46,-2.06988721000309e-13,1.84801120065614,-3.25977055263561e-43,3.18112204894525,2.60705439468204,11.5561695938067,-19.4357083385413,0.012150585609624
142,0.994503792508536,4.38804109465015e-26,5.36057015385641e-34,-1.92383305867467e-13,1.84999291365645,3.7117823395576e-31,3.18110988023393,2.60794999889886,11.56013949725,-19.657055870047,0.012150585609624
141,0.994490471916062,2.17892626304238e-30,-6.15062619157527e-197,-2.48986861332808e-13,1.85197472977747,-8.25206052817281e-194,3.18109771056357,2.60884271670511,11.5640966062346,-19.8618957690162,0.012150585609624
140,0.994477189667487,-3.26923041803947e-26,-5.54220974499738e-34,-1.80310194437829e-13,1.85395664828769,-4.4904486054519e-31,3.1810855399969,2.60973256021444,11.568040974456,-19.8793510823569,0.012150585609624
139,0.994463945625002,-5.35726862913607e-29,1.26496517132361e-68,-1.88597481054062e-13,1.85593866846151,1.17726725842052e-65,3.18107336859553,2.61061954149145,11.5719726553923,-19.9170119576899,0.012150585609624
138,0.994450739651346,-9.78034840480687e-30,-1.00038962660481e-125,-2.86173151153451e-13,1.85792078957912,-7.6356733169088e-123,3.181061196421,2.6115036725509,11.575891702301,-20.0334553639713,0.012150585609624
137,0.994437571609805,1.00254145907839e-29,1.95277402430566e-92,-2.1448848095926e-13,1.85990301092646,1.36697159247558e-89,3.18104902353501,2.61238496535953,11.5797981682263,-20.0016449490893,0.012150585609624
136,0.994424441364209,-3.63906117501937e-29,-3.23457537096842e-68,-1.74704641347797e-13,1.86188533179521,-2.19613982293748e-65,3.18103684999807,2.61326343183399,11.5836921059908,-20.1470773192382,0.012150585609624
135,0.994411348778931,1.04096299935136e-25,1.06787003698733e-35,-1.69524227666026e-13,1.8638677514827,2.27784591665336e-32,3.18102467587114,2.61413908384271,11.5875735682029,-20.18143983021,0.012150585609624
134,0.994398293718885,-1.73831349833848e-30,4.54153996535269e-105,-2.5870716827898e-13,1.86585026929192,3.70438418439263e-102,3.18101250121456,2.61501193320485,11.591442607253,-20.377877617649,0.012150585609624
133,0.994385276049522,-3.56741417831437e-29,-4.07646855978764e-103,-2.88107698309646e-13,1.8678328845314,-3.53883797592627e-100,3.18100032608899,2.6158819916907,11.5952992753146,-20.3645908071677,0.012150585609624
132,0.994372295636834,1.07636964191895e-29,-2.91108198341677e-103,-2.10222103052796e-13,1.86981559651524,-2.48270479009727e-100,3.18098815055287,2.61674927102166,11.5991436243448,-20.4793127767529,0.012150585609624
131,0.994359352347342,1.80241098077137e-29,1.36276788826413e-45,-2.27827548637695e-13,1.87179840456299,1.06967242462695e-42,3.18097597466681,2.61761378287079,11.6029757060861,-20.5894626055516,0.012150585609624
130,0.994346446048104,1.34595085845558e-30,6.39127190185892e-68,-3.06170806855764e-13,1.87378130799969,5.40674752808796e-65,3.18096379848973,2.61847553886182,11.6067955720625,-20.58053161131,0.012150585609624
129,0.994333576606709,1.58166699355202e-25,-1.89162066220009e-35,-2.13426395846861e-13,1.87576430615573,-5.41834481957857e-32,3.18095162207983,2.6193345505704,11.6106032735848,-20.9166799113439,0.012150585609624
128,0.994320743891271,-3.83057291114039e-30,3.79837295022449e-57,-2.67080645441947e-13,1.87774739836691,3.75356350641473e-54,3.18093944549636,2.6201908295233,11.6143988617472,-20.8262954847648,0.012150585609624
127,0.994307947770436,1.44309330676999e-29,-5.60071375007503e-57,-2.26364944432615e-13,1.8797305839743,-4.31927044405786e-54,3.18092726879705,2.62104438719903,11.6181823874301,-21.0589906920174,0.012150585609624
126,0.994295188113372,8.46037369569585e-30,-1.48220839762873e-46,-1.77222796890527e-13,1.88171386232425,1.08272201657597e-44,3.18091509203975,2.62189523502748,11.621953901298,-21.0136091884308,0.012150585609624
125,0.994282464789769,6.57033213414188e-30,1.82653733427402e-46,-1.28377108277227e-13,1.88369723276834,5.60355171066139e-44,3.18090291528237,2.62274338439062,11.6257134538035,-21.0746031167715,0.012150585609624
124,0.994269777669842,1.06440324754202e-29,4.97861228078293e-46,-1.50009194172347e-13,1.88568069466334,9.81740945990565e-43,3.18089073858195,2.62358884662174,11.6294610951829,-21.3072285752139,0.012150585609624
123,0.994257126624322,-6.44738183872731e-26,2.63823727665731e-34,-2.2412483344594e-13,1.88766424737113,1.74977976492781e-31,3.1808785619956,2.6244316330063,11.6331968754609,-21.3811837479474,0.012150585609624
122,0.994244511524458,3.58185435042337e-30,-1.86879708529646e-46,-2.23119055978352e-13,1.88964789025872,-3.45814186649159e-43,3.18086638557963,2.62527175478157,11.6369208444484,-21.4236706687199,0.012150585609624
121,0.994231932242016,3.70342198870341e-29,-8.72390401374093e-47,-2.54994802469926e-13,1.89163162269815,1.59848743260152e-42,3.18085420939049,2.62610922313695,11.6406330517441,-21.4266041894741,0.012150585609624
120,0.994219388649272,5.21295703687707e-30,-1.38686281606266e-128,-2.03795510674284e-13,1.89361544406649,-9.28184848507909e-126,3.18084203348442,2.62694404921373,11.6443335467335,-21.6973396808202,0.012150585609624
119,0.994206880619015,-5.3538153728299e-30,1.42009208640791e-57,-2.97353660025848e-13,1.89559935374577,7.15298268098471e-55,3.1808298579173,2.6277762441059,11.6480223785924,-21.7425274702348,0.012150585609624
118,0.994194408024546,4.18355610157564e-30,-4.24331854259157e-58,-2.86831555017406e-13,1.89758335112296,-7.54329019921216e-56,3.18081768274419,2.62860581885915,11.6516995962825,-21.699523149851,0.012150585609624
117,0.99418197073967,-2.168661345123e-26,5.93625381849224e-34,-2.16308874629129e-13,1.89956743558991,3.6708356395388e-31,3.18080550802003,2.62943278447228,11.6553652485578,-21.8141734293258,0.012150585609624
116,0.994169568638699,1.34325449846973e-29,-1.57021096709133e-80,-2.07348936196603e-13,1.90155160654333,-8.76900024917915e-78,3.18079333380008,2.63025715189596,11.6590193839587,-21.9000741464804,0.012150585609624
115,0.994157201596449,-4.89516820521212e-30,2.20595031688633e-45,-2.83943192931039e-13,1.90353586338472,3.317574114289e-42,3.18078116013877,2.63107893203397,11.6626620508179,-21.9755813965708,0.012150585609624
114,0.994144869488238,-1.34907629332022e-29,9.32431328235147e-58,-3.05139452532277e-13,1.90552020552038,3.69637150680507e-55,3.18076898708969,2.63189813574266,11.6662932972579,-22.3030045078281,0.012150585609624
113,0.994132572189883,-3.90447233153957e-26,-1.14877389486016e-34,-2.96093931271756e-13,1.90750463236131,-1.42531484775021e-31,3.18075681470734,2.63271477383101,11.6699131711911,-22.3694871127446,0.012150585609624
112,0.994120309577699,1.9040833087307e-30,1.45517433503685e-57,-3.35156062553241e-13,1.90948914332322,-2.75126973052575e-55,3.18074464304574,2.63352885706139,11.6735217203233,-22.3182093604644,0.012150585609624
111,0.994108081528498,-3.67940317099567e-31,1.61665915360521e-45,-2.58608135404983e-13,1.91147373782644,7.80523244628923e-43,3.18073247215713,2.63434039614894,11.6771189921512,-22.4119197327463,0.012150585609624
110,0.994095887919586,-1.57340007521865e-30,-2.10878997414506e-45,-2.91338945861945e-13,1.91345841529595,-3.97881182714228e-42,3.1807203020949,2.63514940176199,11.6807050339637,-22.6929960221138,0.012150585609624
109,0.99408372862876,-6.90823025676426e-30,-1.47086310561459e-80,-2.13775608755086e-13,1.91544317516129,-7.15657107376204e-78,3.18070813291214,2.63595588452236,11.6842798928437,-22.6783113395997,0.012150585609624
108,0.994071603534308,4.97122477751847e-27,-3.28621200715879e-34,-2.09702401303767e-13,1.91742801685652,-2.41183134884766e-31,3.180695964661,2.63675985500508,11.6878436156665,-22.6998183470242,0.012150585609624
107,0.994059512515008,4.01603974155363e-29,-2.35107486318327e-79,-1.8913988216088e-13,1.91941293982021,-2.27555451044219e-76,3.18068379739356,2.63756132373887,11.6913962491024,-22.9059465426932,0.012150585609624
106,0.994047455450122,1.45367992021215e-25,7.88405897806431e-34,-3.59853304134535e-13,1.92139794349539,4.18691151378709e-31,3.18067163116126,2.63836030120567,11.6949378396142,-22.8441762217943,0.012150585609624
105,0.994035432219399,1.48391574707997e-29,6.49412644147064e-150,-2.22199403927575e-13,1.92338302732952,9.07041155686668e-147,3.18065946601602,2.63915679784196,11.6984684334632,-22.9616899108552,0.012150585609624
104,0.994023442703069,2.48576187442015e-29,7.41523595240917e-126,-2.82024304933384e-13,1.92536819077443,4.65342122336401e-123,3.18064730200914,2.63995082403753,11.7019880767037,-22.9740072680871,0.012150585609624
103,0.994011486781844,-9.95240330332148e-27,-7.35166656631736e-34,-3.25115306146722e-13,1.92735343328631,-4.8584987078808e-31,3.18063513919116,2.64074239013631,11.7054968151869,-23.2377362960043,0.012150585609624
102,0.993999564336914,-4.78712719380017e-30,1.5868890536812e-80,-1.94462795617207e-13,1.92933875432565,8.67833734686737e-78,3.18062297761315,2.6415315064366,11.7089946945614,-23.0178454947514,0.012150585609624
101,0.993987675249949,-1.22957091405127e-29,-1.94470704200735e-81,-2.17266463122047e-13,1.93132415335723,-6.57174264286133e-79,3.18061081732458,2.64231818319063,11.7124817602719,-23.4164568036441,0.012150585609624
100,0.993975819403089,-3.50179268980982e-30,-3.99934839116542e-102,-2.3306616986669e-13,1.93330962985006,-4.79407309136462e-99,3.18059865837655,2.64310243060533,11.7159580575621,-23.1857811268448,0.012150585609624
99,0.993963996678953,1.06061610301532e-29,-9.68096760113074e-46,-2.44026163862545e-13,1.93529518327736,-1.12992825859291e-42,3.18058650081779,2.64388425884189,11.7194236314732,-23.4875286867949,0.012150585609624
98,0.993952206960628,-3.89453366244563e-31,-1.91012078422766e-104,-1.83407344346283e-13,1.93728081311651,6.98252001913104e-101,3.18057434469898,2.64466367801686,11.7228785268482,-23.4940150238029,0.012150585609624
97,0.993940450131672,3.00449734876834e-29,1.28243676005212e-80,-2.04990653739126e-13,1.93926651884904,9.99739692014551e-78,3.18056219006815,2.64544069820064,11.7263227883258,-23.8828951348266,0.012150585609624
96,0.993928726076111,-1.07368566931613e-29,-1.95466766990231e-45,-2.78808459919993e-13,1.94125229996057,-2.86924618685908e-42,3.18055003697463,2.64621532941902,11.7297564603468,-23.9040545634935,0.012150585609624
95,0.993917034678436,5.016574518266e-29,4.48834976915735e-58,-3.03597689016942e-13,1.9432381559408,-5.38544720558325e-55,3.18053788546677,2.64698758165276,11.7331795871525,-24.006949194376,0.012150585609624
94,0.993905375823604,-2.73913351922988e-30,4.32230115672451e-80,-2.98427534319401e-13,1.94522408628341,3.22169569145125e-77,3.18052573559312,2.6477574648383,11.7365922127876,-23.8722489092697,0.012150585609624
93,0.993893749397032,4.04030363760296e-30,-8.71021945842525e-46,-2.55547340524388e-13,1.94721009048615,-5.04390813647166e-43,3.18051358740179,2.64852498886682,11.7399943810964,-24.1617902733323,0.012150585609624
92,0.993882155284598,9.02665286816117e-30,-2.69286390071209e-46,-2.67834704701646e-13,1.94919616805067,1.95316921109524e-43,3.18050144094063,2.64929016358534,11.7433861357273,-23.9147328821446,0.012150585609624
91,0.993870593372643,-1.34121263916153e-29,-3.1326658908753e-57,-1.76927677612534e-13,1.95118231848259,4.85056659642053e-55,3.18048929625573,2.65005299879613,11.7467675201303,-24.2774882965469,0.012150585609624
90,0.993859063547957,2.74145639590532e-30,3.43907524376602e-67,-2.39800575932102e-13,1.9531685412914,3.08865596167742e-64,3.18047715339579,2.65081350425787,11.7501385775624,-24.6584854070934,0.012150585609624
89,0.99384756569779,-5.59163827164774e-27,-1.32382814624263e-33,-2.74137813655324e-13,1.95515483599048,-8.08430535173501e-31,3.18046501240768,2.65157168968469,11.7534993510827,-24.2549300224357,0.012150585609624
88,0.993836099709846,-2.13894502217725e-29,7.91128125925341e-81,-1.84676113135125e-13,1.95714120209701,1.20900561562453e-77,3.18045287333713,2.65232756474673,11.7568498835559,-24.2830482222639,0.012150585609624
87,0.993824665472278,-2.17236353984744e-30,-1.17800572019304e-182,-2.83697063869099e-13,1.959127639132,-2.27153774784893e-179,3.18044073623034,2.65308113907047,11.7601902176527,-24.5482997172195,0.012150585609624
86,0.993813262873688,4.38511690470143e-30,-1.18267168769477e-67,-2.53081481077779e-13,1.9611141466202,-1.11011903582386e-64,3.1804286011345,2.6538324222388,11.7635203958507,-24.6855861785871,0.012150585609624
85,0.993801891803129,-4.27444626277069e-30,2.85423684965769e-69,-3.19669701720253e-13,1.96310072409012,8.42801185051508e-66,3.18041646809406,2.65458142379101,11.7668404604343,-24.9020856139452,0.012150585609624
84,0.993790552150095,-5.39258079029834e-30,6.23310818691241e-103,-2.85666576447055e-13,1.96508737107393,5.94766436957774e-100,3.18040433715573,2.65532815322316,11.7701504534963,-25.1848385512018,0.012150585609624
83,0.993779243804531,1.05164308758491e-29,8.08204385750844e-58,-2.97302920866069e-13,1.96707408710753,-4.26470704610157e-55,3.18039220836364,2.65607261998785,11.7734504169367,-25.0901515895895,0.012150585609624
82,0.993767966656817,3.51812856574569e-29,-2.57909107416635e-79,-2.76747210639988e-13,1.96906087173042,-3.27023197078188e-76,3.18038008176341,2.65681483349484,11.7767403924658,-24.8923145701021,0.012150585609624
81,0.993756720597779,-7.81150047258323e-30,-1.00602934766341e-68,-3.1718110571606e-13,1.97104772448572,-2.77112473264013e-65,3.18036795739892,2.65755480311077,11.7800204216027,-25.2313734616363,0.012150585609624
80,0.993745505518679,1.24789874372623e-29,3.88248091006135e-69,-2.70457520291343e-13,1.97303464492013,3.30394640055177e-66,3.18035583531545,2.65829253815964,11.7832905456774,-25.1023361437598,0.012150585609624
79,0.993734321311216,1.01447100054514e-29,-2.69534349222361e-59,-2.34102725713553e-13,1.9750216325839,3.24552649595459e-55,3.18034371555695,2.65902804792303,11.7865508058319,-25.2525089159754,0.012150585609624
78,0.993723167867528,1.12922746627918e-25,8.50415796206199e-34,-3.22713078596958e-13,1.97700868703079,6.02363742367008e-31,3.18033159816631,2.65976134163948,11.7898012430175,-25.5118324273262,0.012150585609624
77,0.993712045080181,1.22592948939094e-29,1.02018359878335e-45,-1.8991779936244e-13,1.97899580781808,3.28394295114521e-42,3.18031948318808,2.66049242850562,11.7930418979997,-25.1923073524969,0.012150585609624
76,0.993700952842176,-6.37210918301664e-26,-1.02171122073092e-34,-2.07236651658185e-13,1.98098299450646,-1.83593668297585e-31,3.18030737066528,2.66122131767628,11.7962728113586,-25.3135709070387,0.012150585609624
75,0.993689891046943,2.58455718663917e-26,6.21325906226352e-34,-2.64868143505652e-13,1.9829702466601,4.68437414028672e-31,3.18029526064074,2.66194801826326,11.7994940234838,-25.2609384911279,0.012150585609624
74,0.993678859588341,1.05829334705037e-29,7.6164955453405e-184,-2.94529763734878e-13,1.98495756384653,3.9420075918431e-181,3.18028315315723,2.66267253933739,11.802705574583,-25.7929771935887,0.012150585609624
73,0.993667858360654,-2.22575134416393e-29,2.7173658953329e-148,-2.25229557609258e-13,1.98694494563669,3.04867985382716e-145,3.18027104825746,2.6633948899274,11.8059075046775,-25.9104206573607,0.012150585609624
72,0.993656887258593,9.05141575109225e-30,1.13103302675126e-56,-2.35295761985447e-13,1.98893239160482,7.69909458812092e-54,3.18025894598375,2.66411507902078,11.8090998536057,-26.1186780616963,0.012150585609624
71,0.99364594617729,-4.36129194414879e-30,-3.18035449248394e-68,-2.93484973883282e-13,1.99091990132852,-3.97058927161868e-65,3.18024684637717,2.66483311556291,11.8122826610195,-26.170818032937,0.012150585609624
70,0.993635035012298,2.15826899817961e-29,-1.20806031456225e-113,-2.6559834859926e-13,1.99290747438865,1.97512785547253e-110,3.18023474948055,2.66554900845902,11.8154559663925,-26.0996059903531,0.012150585609624
69,0.993624153659593,-7.42971335820329e-30,-3.10368896322421e-79,-2.93626911869864e-13,1.99489511036935,-2.43988629198127e-76,3.18022265533422,2.66626276657207,11.8186198090113,-26.5469073238489,0.012150585609624
68,0.993613302015562,2.74271450751691e-30,-3.57987967057981e-45,-2.49012938938762e-13,1.99688280885796,-3.55907914649998e-42,3.18021056398079,2.66697439872505,11.821774227985,-26.4727068047174,0.012150585609624
67,0.993602479977016,2.34048222070169e-30,4.91782832179002e-288,-3.2333069310554e-13,1.99887056944505,5.45759735784639e-285,3.18019847545975,2.66768391369966,11.82491926224,-26.6429643879801,0.012150585609624
66,0.993591687441175,2.31093592968195e-30,-1.8547162713322e-69,-2.58505986743944e-13,2.00085839172436,-1.62513216748624e-66,3.18018638981245,2.66839132023699,11.8280549505225,-26.4750408486625,0.012150585609624
65,0.993580924305674,-1.47703518060119e-29,-1.74713283569307e-46,-2.78719091178812e-13,2.00284627529278,-9.01297656022918e-43,3.18017430707909,2.66909662703779,11.8311813313998,-26.7520515595877,0.012150585609624
64,0.993570190468557,-5.34345698213054e-30,9.35416146214417e-126,-1.05033814893678e-13,2.00483421975034,-2.65909784192229e-125,3.18016222729968,2.66979984276246,11.8342984432606,-26.9903501631397,0.012150585609624
63,0.993559485828281,-1.59819112149056e-29,-4.44858470153182e-56,-3.53280413546943e-13,2.00682222470013,-4.12024547160008e-53,3.18015015051373,2.67050097603146,11.8374063243163,-26.9695067635075,0.012150585609624
62,0.993548810283705,4.885514419046e-30,-1.23516411460312e-322,-1.42552838418177e-13,2.00881028974835,-2.80135221191987e-320,3.18013807676234,2.67120003542496,11.8405050125998,-26.6871537826542,0.012150585609624
61,0.9935381637341,6.00775870495429e-30,7.75914286398605e-45,-2.87434874835026e-13,2.01079841450421,1.05502009755935e-41,3.18012600608294,2.67189702948329,11.8435945459676,-27.5158511421348,0.012150585609624
60,0.993527546079135,-5.64055645399519e-31,3.66831756136382e-104,-3.46305618147763e-13,2.01278659857997,6.91066473269178e-101,3.18011393851609,2.67259196670725,11.8466749621007,-27.3034019932902,0.012150585609624
59,0.993516957218888,2.63671565024171e-29,-1.0396438110531e-135,-2.74025068913186e-13,2.01477484159087,-1.22686690347188e-132,3.18010187409992,2.67328485555792,11.8497462985041,-26.9886209044384,0.012150585609624
58,0.993506397053832,-3.59156151170655e-30,9.76141008424579e-116,-2.81060827334231e-13,2.01676314315512,1.73918809256648e-112,3.18008981287304,2.67397570445744,11.8528085925102,-27.3206003089862,0.012150585609624
57,0.993495865484844,-6.14439087634044e-30,5.92175025092402e-80,-2.45906301465129e-13,2.01875150289386,7.29857448005736e-77,3.18007775487393,2.67466452178827,11.8558618812757,-27.0186368087272,0.012150585609624
56,0.993485362413195,-3.42574635767795e-29,-1.23899628391658e-91,-3.24536908497853e-13,2.02073992043116,-7.7572306017561e-89,3.18006570014098,2.67535131589413,11.8589062017853,-27.6086058261329,0.012150585609624
55,0.993474887740554,7.33742472352814e-30,4.97741488219281e-45,-1.99588900738483e-13,2.022728395394,8.00719458746005e-42,3.18005364871067,2.67603609507953,11.86194159085,-27.9502279593031,0.012150585609624
54,0.993464441368982,-9.42235609897677e-30,1.35319467217091e-56,-2.66403171092643e-13,2.02471692741219,1.38152930533406e-53,3.18004160062278,2.67671886761063,11.8649680851109,-28.3076265050117,0.012150585609624
53,0.993454023200935,-2.56509843369329e-30,1.03284181245035e-45,-1.78827420596828e-13,2.02670551611841,6.1657132430292e-44,3.18002955591393,2.6773996417149,11.8679857210375,-27.6481425025224,0.012150585609624
52,0.99344363313926,-2.1714464724319e-29,4.57440472814627e-45,-2.70413625887851e-13,2.02869416114816,5.89508747710646e-42,3.18001751462033,2.67807842558097,11.8709945349272,-28.1620691321986,0.012150585609624
51,0.993433271087191,-1.49461030933297e-25,-3.33444033632112e-33,-3.14286416851804e-13,2.03068286213974,-2.00133988182299e-30,3.18000547677916,2.67875522735994,11.8739945629109,-27.7334676515624,0.012150585609624
50,0.993422936948352,7.40079672726105e-30,4.09356366574185e-45,-2.97191768285032e-13,2.0326716187342,5.88667968632052e-42,3.1799934424271,2.67943005516425,11.8769858409484,-28.4680338794378,0.012150585609624
49,0.993412630626751,-6.91231989695712e-30,-2.39672043474379e-104,-3.97920236618251e-13,2.03466043057535,-2.9209522749627e-101,3.17998141160089,2.6801029170688,11.8799684048328,-27.7231396277055,0.012150585609624
48,0.993402352026783,5.51950034799432e-30,-3.16724084739166e-104,-3.8004311967766e-13,2.03664929730974,-1.5321134163768e-101,3.1799693843362,2.68077382111026,11.8829422901879,-28.1530050565263,0.012150585609624
47,0.993392101053224,-5.35396382598974e-30,1.18860173174901e-125,-2.50154822690872e-13,2.03863821858662,2.57193852377039e-122,3.17995736066942,2.6814427752881,11.8859075324725,-28.2887805622325,0.012150585609624
46,0.99338187761123,-7.07401733089038e-30,-1.26686162157971e-93,-2.21611993796534e-13,2.04062719405789,-2.71486291933408e-90,3.1799453406358,2.68210978756412,11.8888641669787,-27.8798483529565,0.012150585609624
45,0.993371681606341,-2.27539298825568e-26,6.71814123278138e-34,-3.07507567127499e-13,2.04261622337815,3.3014727450189e-31,3.17993332427099,2.68277486586274,11.8918122288326,-28.5262400895334,0.012150585609624
44,0.993361512944471,3.6340731591236e-30,7.92757182116334e-103,-2.5736421140637e-13,2.0446053062046,9.18073368486007e-100,3.17992131160948,2.68343801807144,11.8947517529967,-29.1971008907979,0.012150585609624
43,0.993351371531911,7.86876146425797e-30,4.36348161744026e-79,-3.05932174360283e-13,2.04659444219707,6.97944106391988e-76,3.17990930268791,2.68409925204073,11.8976827742696,-27.8105741881053,0.012150585609624
42,0.99334125727533,-1.46599418022003e-30,-8.48310954467313e-100,-1.95970403948134e-13,2.04858363101799,-2.06846428200353e-96,3.17989729753913,2.68475857558381,11.9006053272844,-28.8918852301813,0.012150585609624
41,0.993331170081765,3.53982585884007e-30,1.00724566668465e-115,-3.08754102750098e-13,2.05057287233232,1.10527367015097e-112,3.17988529619879,2.68541599647796,11.9035194465152,-28.6321107548123,0.012150585609624
40,0.993321109858632,-1.21048395354849e-30,-9.50942101165079e-93,-2.35995349966024e-13,2.05256216580762,-2.35674838626989e-89,3.17987329869989,2.68607152246337,11.9064251662716,-29.3025222125879,0.012150585609624
39,0.993311076513708,-4.92735258002532e-30,1.20944253897155e-68,-1.56513488288323e-13,2.05455151111392,1.53288739811768e-65,3.17986130507788,2.68672516124406,11.9093225207028,-28.7470924812101,0.012150585609624
38,0.993301069955147,2.03403674394675e-30,-6.31515242604697e-205,-2.32530693893881e-13,2.0565409079238,2.55808058419919e-201,3.17984931536597,2.68737692048801,11.9122115437982,-29.2140284031154,0.012150585609624
37,0.993291090091465,-7.25494376123772e-31,-1.04865275050294e-55,-3.07158623265278e-13,2.0585303559123,-1.50117688022775e-52,3.17983732959734,2.68802680782676,11.915092269386,-29.2898154851053,0.012150585609624
36,0.993281136831546,8.08948966095488e-30,9.0967921831734e-125,-3.04904816016911e-13,2.06051985475692,9.50686569550373e-122,3.17982534780546,2.68867483085652,11.9179647311374,-29.5525290427135,0.012150585609624
35,0.993271210084636,-1.1940779604825e-29,-1.40987867578253e-67,-6.2196167081083e-14,2.06250940413761,-2.42058156886173e-64,3.17981337002384,2.68932099713718,11.9208289625629,-29.6876372375492,0.012150585609624
34,0.993261309760344,1.04509161912811e-29,6.42034267903989e-80,-2.45105023618086e-13,2.06449900373673,5.42596385940132e-77,3.17980139628523,2.6899653141935,11.923684997017,-29.0029320034647,0.012150585609624
33,0.993251435768643,8.41259105974512e-30,4.43071738129294e-68,-3.19518303021499e-13,2.06648865323906,4.31705230863132e-65,3.17978942662139,2.69060778951471,11.926532867697,-29.6849230760166,0.012150585609624
32,0.99324158801986,6.04433187347722e-29,-2.48203622038002e-45,-2.31055105694819e-13,2.06847835233173,-3.10772966925636e-42,3.17977746106613,2.69124843055474,11.9293726076435,-29.8499972310188,0.012150585609624
31,0.993231766424683,-1.4589074562275e-25,8.18269882802049e-34,-1.77487521154957e-13,2.07046810070426,5.15770809954362e-31,3.17976549965061,2.69188724473228,11.9322042497411,-29.7033075134542,0.012150585609624
30,0.993221970894156,-2.60039884825833e-29,-1.85018868340553e-78,-3.016048771717e-13,2.07245789804849,-2.73705820136341e-75,3.17975354240733,2.69252423943143,11.9350278267208,-29.8750638439804,0.012150585609624
29,0.993212201339677,-1.85042336134881e-29,5.78193909377251e-112,-3.5414628657677e-13,2.07444774405857,1.29880249611967e-108,3.17974158936766,2.69315942200121,11.9378433711584,-29.4527866619396,0.012150585609624
28,0.993202457673,-1.62523197422452e-29,1.06559448242095e-90,-3.5266711706467e-13,2.07643763843099,6.18054867280984e-88,3.17972964056315,2.69379279975609,11.9406509154763,-30.2327516794991,0.012150585609624
27,0.993192739806225,1.04687386964117e-29,-8.4881928390026e-58,-3.03515442570551e-13,2.07842758086448,-5.26007087217713e-54,3.17971769602569,2.69442437997632,11.9434504919454,-30.1245757242943,0.012150585609624
26,0.99318304765181,5.03292636726477e-29,-6.31872989222379e-79,-3.02693251954629e-13,2.08041757106006,-8.97722974295384e-76,3.1797057557853,2.69505416990714,11.9462421326814,-30.6945398832186,0.012150585609624
25,0.993173381122555,-2.5975206152591e-29,1.09312210404159e-191,-3.01508821307392e-13,2.08240760872097,1.36839041277293e-188,3.17969381987393,2.69568217676075,11.9490258696533,-30.4480771765435,0.012150585609624
24,0.99316374013161,-5.52175933553867e-30,2.7529126065591e-55,-2.60135833493837e-13,2.08439769355269,3.45443501062903e-52,3.17968188832195,2.69630840771412,11.9518017346744,-30.987922857953,0.012150585609624
23,0.993154124592472,1.39046664822527e-29,5.98156539973223e-147,-1.45283353722901e-13,2.0863878252629,-5.02022336117163e-144,3.17966996115945,2.69693286991107,11.9545697594105,-30.4557783793258,0.012150585609624
22,0.993144534418982,6.67009379507577e-29,-2.87738302344978e-44,-2.65271823454429e-13,2.08837800356146,-3.63787591077205e-41,3.17965803841649,2.69755557046173,11.9573299753784,-30.6445205338012,0.012150585609624
21,0.993134969525321,2.70436423727269e-29,4.05336528450206e-45,-1.61116451026601e-13,2.09036822816041,2.08425630337512e-42,3.17964612012381,2.69817651644216,11.960082413944,-29.6325899061984,0.012150585609624
20,0.993125429826015,-1.90799715643263e-29,8.86867930584894e-68,-1.62910719270834e-13,2.09235849877394,1.03969048403768e-64,3.1796342063106,2.69879571489594,11.9628271063289,-29.8548817085003,0.012150585609624
19,0.99311591523593,2.72925826524108e-30,-9.74204735837033e-272,-3.21078192347611e-13,2.09434881511836,-8.20280324392979e-269,3.17962229700594,2.69941317283211,11.9655640836018,-31.3933457563162,0.012150585609624
18,0.993106425670266,-4.60558327312836e-26,3.94282111100904e-33,-1.80046710541768e-13,2.09633917691209,2.02252360657849e-30,3.17961039224062,2.70002889722816,11.9682933766915,-30.4260014015173,0.012150585609624
17,0.993096961044564,3.89442747652558e-29,-1.90382069113713e-67,-1.95973198134206e-13,2.09832958387568,-2.82947518189813e-64,3.17959849204339,2.70064289502738,11.9710150163751,-29.8330079562375,0.012150585609624
16,0.993087521274702,1.20183189599929e-29,-1.03917091928385e-44,-2.91149288520505e-13,2.10032003573173,-1.39423942331078e-41,3.17958659644235,2.7012551731407,11.9737290332865,-30.8795094884025,0.012150585609624
15,0.993078106276889,-6.16283898784391e-30,-5.63252193918812e-191,-2.70864281817839e-13,2.10231053220489,-5.82530321542057e-188,3.17957470546713,2.70186573844705,11.9764354579176,-31.1663677272496,0.012150585609624
14,0.993068715967667,5.55862731127638e-30,5.2680406257094e-45,-2.82568540796276e-13,2.10430107302189,6.56009117958261e-42,3.17956281914535,2.70247459779155,11.9791343206103,-31.5975907754546,0.012150585609624
13,0.993059350263911,-6.61807119063963e-30,1.68551625709541e-79,-3.31541394015236e-13,2.10629165791145,2.5611637371202e-76,3.17955093750637,2.70308175798823,11.981825651569,-31.7927663568214,0.012150585609624
12,0.993050009082826,-5.71970258237208e-29,1.0319566755705e-125,-2.47121259227285e-13,2.10828228660434,1.53721707603238e-122,3.17953906057747,2.7036872258182,11.984509480852,-31.3820745855026,0.012150585609624
11,0.993040692341943,-6.64341777620605e-31,2.27630229401024e-280,-3.04336404229999e-13,2.11027295883329,2.84134388513789e-277,3.17952718838717,2.70429100803098,11.9871858383775,-31.146251433033,0.012150585609624
10,0.993031399959123,4.35578589300874e-31,-1.54243736993095e-147,-2.71344900144888e-13,2.11226367433301,-2.94697246846444e-144,3.17951532096324,2.70489311134374,11.9898547539205,-30.9890695627143,0.012150585609624
9,0.993022131852551,-8.53525100683522e-30,7.28598652011235e-101,-2.58097539374091e-13,2.11425443284019,5.70782398067803e-98,3.17950345833234,2.70549354244267,11.9925162571184,-32.4494411083941,0.012150585609624
8,0.993012887940737,3.38570772830199e-29,-1.28078725263597e-125,-1.30537547003462e-13,2.11624523409344,-1.30207157659462e-122,3.17949160052357,2.7060923079815,11.995170377465,-31.7941827057501,0.012150585609624
7,0.993003668142515,9.77570832777232e-30,-3.32069090728981e-102,-2.84570808648312e-13,2.11823607783332,-4.56692667131975e-100,3.17947974756144,2.70668941458302,11.9978171443168,-31.9522684152517,0.012150585609624
6,0.992994472377039,4.8996383359146e-30,2.89223076596729e-45,-3.42599482495304e-13,2.12022696380228,-6.53005084375365e-43,3.1794678994749,2.70728486883867,12.0004565868914,-32.4158380949599,0.012150585609624
5,0.992985300563782,3.39810220595276e-29,-9.8721288736982e-138,-2.44630371913391e-13,2.12221789174468,-1.94818407119446e-135,3.17945605629013,2.70787867730896,12.0030887342693,-32.9088050107447,0.012150585609624
4,0.992976152622539,6.74418565995821e-30,-2.09983086479834e-66,-2.58275312086598e-13,2.12420886140674,-3.13902698120375e-63,3.17944421803389,2.70847084652311,12.0057136153922,-32.3208013280317,0.012150585609624
3,0.99296702847342,-1.89956367740093e-29,-2.09197928256529e-191,-2.81160063001647e-13,2.12619987253659,-4.36959111818315e-188,3.17943238473201,2.70906138297916,12.0083312590637,-32.0246211046875,0.012150585609624
2,0.992957928036852,-6.93878788504166e-30,-5.54354889971063e-79,-2.39833466687629e-13,2.12819092488414,-5.99404073777024e-76,3.17942055641111,2.70965029314553,12.010941693956,-31.5547604175173,0.012150585609624
1,0.992948851233578,-2.44580536449074e-29,1.82387753247277e-44,-1.68533207068434e-13,2.13018201820119,1.74738415255144e-41,3.17940873309637,2.71023758345878,12.0135449486002,-32.0751367773,0.012150585609624
