1037,0.836908887343095,2.65698538769735e-29,-6.55530235135067e-32,6.03142585221291e-16,5.22322420802101e-05,5.18252231509174e-31,3.18834111546061,2.69157955679174,11.9308403756194,1337.71033450906,0.012150585609624
1036,0.836842048735142,1.44100846909165e-29,-3.71028334916144e-33,-9.61473627656444e-16,0.00061215155075102,-2.13784218848172e-33,3.18834080332211,2.69158065382404,11.9308452383838,1337.70667257174,0.012150585609624
1035,0.837109896011325,7.11145308261666e-29,-2.61961267069448e-33,6.46708405425345e-17,-0.00162832863945731,-1.83747399448786e-32,3.18833889510146,2.69158736046231,11.9308749665894,1337.68428606183,0.012150585609624
1034,0.83664202431832,2.03140764493567e-29,-4.99675612164486e-33,5.57465606083091e-16,0.00229110890235291,1.98866842887932e-32,3.18833671013959,2.69159503983321,11.9309090065821,1337.65865325633,0.012150585609624
1033,0.837311646083849,7.5905328091835e-29,6.06067254868709e-33,-6.01445523074737e-16,-0.00331009749104741,-2.19027981597756e-32,3.18833193961792,2.69161180689821,11.9309833291766,1337.60268923771,0.012150585609624
1032,0.83644273483789,7.52629951964288e-29,3.1226889880159e-33,5.15758466663834e-16,0.00396886899854059,-1.47254647525248e-32,3.18832788186595,2.69162606916685,11.9310465488761,1337.55508816279,0.012150585609624
1031,0.837514140285575,-7.48712109549874e-29,3.22895367733023e-33,4.04972560012222e-16,-0.00499307881462432,1.31347387772181e-32,3.1883202491227,2.6916528978637,11.9311654712013,1337.46555248181,0.012150585609624
1030,0.83624417747525,-7.14334556619786e-30,1.19401426431949e-33,6.90720927999603e-16,0.00564543651980578,6.82050034211511e-33,3.18831431863795,2.69167374409035,11.9312578753073,1337.39598800229,0.012150585609624
1029,0.837717381312917,3.85190460075922e-29,-5.69517609018592e-33,-2.44570350580974e-17,-0.00667727705714942,-1.63065046543808e-32,3.18830382380743,2.69171063631978,11.9314214057886,1337.27289009789,0.012150585609624
1028,0.836046349384032,3.74882861119979e-30,-1.74529760496813e-33,4.09237971708639e-17,0.00732081619882549,-4.63480965608316e-33,3.18829602066324,2.69173806809089,11.9315430013334,1337.18136918115,0.012150585609624
1027,0.837921371833586,-5.01658999097247e-29,1.88612770566839e-33,-6.00296572327942e-16,-0.00836269660995548,8.93171170607895e-33,3.18828266394453,2.69178502641718,11.9317511513373,1337.02472219542,0.012150585609624
1026,0.835849247690242,-1.70820676739636e-29,5.42199120305482e-33,-3.78094498087782e-16,0.00899501281983046,1.27607905143345e-32,3.18827298821853,2.69181904588678,11.9319019478688,1336.9112537972,0.012150585609624
1025,0.83812611448638,8.51237595238957e-29,-5.38181280614371e-33,3.55777847515056e-16,-0.0100493418080788,-2.20626183717133e-33,3.1882567698892,2.69187607348875,11.9321547314859,1336.72107474645,0.012150585609624
1024,0.835652869492375,8.94726439206703e-29,-4.20028816930171e-33,5.83355532720689e-16,0.0106680312179801,6.10118008401643e-33,3.18824522164787,2.69191668343374,11.9323347413132,1336.58566960792,0.012150585609624
1023,0.838331611880957,1.66878896705199e-29,-3.30641287757767e-33,1.18544428493268e-15,-0.011737216929596,5.4358385265075e-33,3.18822614208138,2.69198378404524,11.9326321750944,1336.3619795539,0.012150585609624
1022,0.835457211861528,-1.98994218280293e-29,-1.5676201644734e-33,-1.71608392068516e-16,0.0123398762787417,1.27707822163165e-32,3.18821272136088,2.69203098793292,11.932841413587,1336.20464997796,0.012150585609624
1021,0.838537866597593,-1.61679422533177e-28,-1.7073761572106e-33,1.54248704895052e-17,-0.0134263261949416,7.62571397242838e-33,3.18819078104771,2.69210816576819,11.9331835162125,1335.94747430841,0.012150585609624
1020,0.835262271841502,-7.36023526420901e-29,5.0001062805447e-33,-4.86760331367128e-16,0.014010552937278,-2.21885138166864e-33,3.18817548783103,2.6921619678379,11.9334220021617,1335.76823392166,0.012150585609624
1019,0.838744881186934,1.05024625188126e-28,-8.84155128937088e-33,4.09953961261165e-16,-0.0151166737662338,-6.58278011954832e-33,3.18815068740354,2.69224922750523,11.9338087940585,1335.47760264905,0.012150585609624
1018,0.83506804644888,1.22667740834477e-28,2.93964100770585e-33,-5.77496329511194e-16,0.0156800661778329,-1.42515994698213e-32,3.18813352159399,2.69230963286253,11.9340765500957,1335.27646604214,0.012150585609624
1017,0.838952658169729,-1.22264993430196e-28,-2.63457965251633e-33,4.2774443920012e-16,-0.016808263746587,3.06498397033403e-32,3.18810586185502,2.69240697926402,11.9345080529931,1334.95241406694,0.012150585609624
1016,0.834874532673104,5.22776078495221e-29,-3.06289159038957e-33,-2.2408148551631e-16,0.0173484210331273,-2.16473749922854e-33,3.18808682324589,2.69247399398875,11.9348051060679,1334.72939649528,0.012150585609624
1015,0.839161200036554,-4.35032462420818e-31,-3.58670362805949e-33,-2.07056306586518e-16,-0.0185011001794163,3.69270383114489e-33,3.18805630520108,2.69258143220742,11.9352813424972,1334.37196401941,0.012150585609624
1014,0.834681727476531,5.98181834227376e-29,8.53991943894989e-33,1.01753025603254e-15,0.0190156225837487,3.71074179195826e-33,3.18803539344177,2.69265506347492,11.9356077244155,1334.12708094418,0.012150585609624
1013,0.839370509247525,4.11955968005153e-29,4.45795946973783e-34,5.36941652783843e-16,-0.0201951870477414,-1.25879458249896e-32,3.18800201833557,2.69277259864791,11.9361287171478,1333.73631389747,0.012150585609624
1012,0.834489627794483,1.58414697205055e-29,-4.7254872903056e-33,6.43977861768839e-17,0.0206816759575612,1.1683685040676e-32,3.18797923289389,2.69285285486369,11.9364844651684,1333.46958060346,0.012150585609624
1011,0.839580588231998,-7.40632311219804e-29,-2.93472156384766e-33,5.89380371318884e-16,-0.0218905282734846,1.82116048388715e-32,3.18794300224935,2.69298049204258,11.9370502365957,1333.04553110852,0.012150585609624
1010,0.834298230535278,7.78661030947754e-29,1.00624197221349e-32,-1.90394017615531e-16,0.022346586329101,-2.37148462114551e-32,3.18791834237014,2.69306738299077,11.9374353940882,1332.75696215863,0.012150585609624
1009,0.839791439388252,-8.44131700620086e-29,-4.15083512196261e-33,-1.41999254544752e-16,-0.0235871277167608,8.26755739786436e-33,3.1878792580324,2.69320512698827,11.9380459655434,1332.29968896766,0.012150585609624
1008,0.83410753258025,6.41828997311794e-29,9.66025959483159e-33,3.27866270242153e-16,0.0240103589189868,2.58787432322228e-32,3.18785272269252,2.69329866399351,11.938460582706,1331.98929775624,0.012150585609624
1007,0.840003065083168,-5.45329934898198e-29,-1.64421096826917e-33,1.46573453910473e-16,-0.0252849891751603,1.04288095563427e-33,3.18781078687597,2.69344651921645,11.9391159737232,1331.49886683842,0.012150585609624
1006,0.833917530783762,-1.23537440862362e-29,2.50567788074103e-33,2.96689878547378e-16,0.0256729989933259,-1.42116326618934e-32,3.18778237473556,2.69354671531962,11.9395601083616,1331.1666649453,0.012150585609624
1005,0.840215467651892,1.94211600730268e-29,6.47571021660367e-34,-3.62211003556914e-16,-0.0269841163830331,-8.21053416690597e-33,3.18773759007477,2.6937046855888,11.940260335877,1330.64315006149,0.012150585609624
1004,0.833728221973194,-1.08765303901566e-28,-3.39402247154445e-33,2.47734695868546e-16,0.0273345118631271,1.10293813751213e-32,3.18770729942482,2.69381155573626,11.9407340542433,1330.28914671388,0.012150585609624
1003,0.840428649397481,-6.40396522193672e-29,6.6835317403573e-33,2.47569086129577e-16,-0.0286845130107597,-1.46318718923124e-32,3.18765966902917,2.69397964409222,11.9414791317346,1329.73263001584,0.012150585609624
1002,0.833539602948929,1.8959376856277e-29,1.13842631196346e-32,1.84938064254513e-16,0.0289949028837125,-1.72233667381352e-32,3.18762749773536,2.69409320533958,11.9419825094303,1329.3568314158,0.012150585609624
1001,0.840642612590547,1.46258521375465e-28,-6.86595670866141e-33,1.21185904479347e-15,-0.0303861826640244,1.45240555504549e-32,3.18757702524739,2.69427141383447,11.9427724459941,1328.7674041566,0.012150585609624
1000,0.833351670484323,-3.85016242996923e-29,-8.28658130456448e-34,9.6688914263353e-16,0.0306541774541316,7.2973748903567e-33,3.18754297069035,2.69439168556385,11.9433055689335,1328.36981273704,0.012150585609624
999,0.840857359468881,1.55339905039162e-28,5.8554077251465e-33,1.14154938639717e-15,-0.0320891288830722,-1.07941179357478e-32,3.18748966034774,2.69458001503967,11.9441403683019,1327.74757589628,0.012150585609624
998,0.833164421325657,1.68419392161203e-29,1.61550539622209e-33,8.46476235680495e-16,0.0323123410165789,1.62013096649257e-33,3.18745371935954,2.69470701919143,11.944703333739,1327.32818969388,0.012150585609624
997,0.841072892237068,-2.97062591631397e-28,7.40515890611947e-34,3.02175567037924e-15,-0.0337933551419763,-1.15605637623709e-32,3.18739757606091,2.69490546904389,11.9455829932334,1326.67325478183,0.012150585609624
996,0.83297785219208,1.56987734784423e-28,-5.04275909306429e-33,1.55886614870608e-15,0.0339693990558037,2.66422033031949e-32,3.1873597448579,2.69503923036265,11.9461759108526,1326.23206658345,0.012150585609624
995,0.841289213066089,-1.56325090457477e-28,-5.02089636750693e-34,-5.79065560395396e-16,-0.0354988648478888,6.12908631990495e-33,3.18730077423223,2.69524779829088,11.9471004202742,1325.54455635469,0.012150585609624
994,0.832791959775543,-1.24818936339033e-28,-1.82064973159171e-33,3.28924283096445e-16,0.0356253570985351,8.34083771569462e-33,3.18726104834421,2.6953883445859,11.9477234133442,1325.08155298126,0.012150585609624
993,0.841506324092911,6.64338402590586e-29,5.60889480483556e-33,-1.19245377778732e-15,-0.0372056613402847,-8.04281463293065e-33,3.18719925682395,2.69560702632819,11.9486927538022,1324.36160233305,0.012150585609624
992,0.832606740740708,6.16522621053836e-29,2.931390874073e-34,2.32269336726771e-16,0.0372802207128845,-2.86314571282609e-33,3.18715763101971,2.69575438874823,11.9493459603947,1323.87676368162,0.012150585609624
991,0.841724227420071,1.99898259552792e-28,8.58771503925432e-33,-1.69717729066589e-15,-0.0389137478902171,8.19642823469611e-34,3.18709302591763,2.69598317780253,11.9503601030678,1323.12452040607,0.012150585609624
990,0.832422191724859,4.03404414992487e-29,4.05111793618236e-33,5.72017902601282e-16,0.038933995507775,-1.80292180741338e-34,3.18704949412675,2.69613739112562,11.9510436773419,1322.61781869089,0.012150585609624
989,0.841942925115235,-3.16040214052545e-29,-2.6238503278292e-33,-2.34675422649164e-15,-0.0406231276995533,6.08190197666294e-33,3.18698208371641,2.69637627845613,11.9521025821775,1321.8334444311,0.012150585609624
988,0.832238309337782,-1.12791339696181e-29,1.49825218571626e-32,1.30695673022836e-15,0.0405866871323425,-3.32203167101704e-32,3.18693663894748,2.69653738139437,11.9528166957304,1321.30484317348,0.012150585609624
987,0.84216241921076,-5.99073786380955e-29,-9.61540273040421e-33,-8.23510679246249e-16,-0.0423338039002019,1.72364852550903e-32,3.18686643254743,2.69678635512288,11.9539203100765,1320.48851435418,0.012150585609624
986,0.832055090161647,9.74319336614439e-31,2.57584607727749e-34,1.58376833146324e-15,0.04223830127535,-1.57174409252967e-32,3.18681906680259,2.69695439064166,11.9546651533589,1319.93796744519,0.012150585609624
985,0.842382711703236,2.93016885541902e-29,-6.39298480166455e-34,-1.06100820789874e-15,-0.0440457795533656,-2.68674515306994e-33,3.18674607486419,2.69721343572391,11.9558134105295,1319.0898761946,0.012150585609624
984,0.83187253075087,-5.16751199602579e-29,-7.7426874152787e-34,1.7820131222232e-15,0.0438888436645969,1.01261550258365e-32,3.18669677905,2.69738845137744,11.9565891943328,1318.51732693984,0.012150585609624
983,0.842603804553013,4.23991414969561e-29,3.61151831380535e-33,-9.17069189988328e-16,-0.0457590576487519,-7.86812441745495e-33,3.18662101324895,2.6976575492644,11.9577820121066,1317.6376820964,0.012150585609624
982,0.831690627631959,5.77808227088306e-29,-7.93758437864504e-33,1.74192149596953e-15,0.0455383200663243,2.62520332182699e-32,3.18656977708368,2.6978395975457,11.9585889691142,1317.0430621697,0.012150585609624
981,0.842825699683728,6.60291224147397e-29,-5.12153484698464e-33,-9.67473550377666e-16,-0.0474736411037987,1.25538799987028e-32,3.1864912504152,2.69811872582974,11.9598262481657,1316.13209032855,0.012150585609624
980,0.831509377303351,-6.93763731973952e-30,-1.07787542245825e-32,1.61620619911526e-15,0.0471867362846093,2.68406267496137e-32,3.18643806233245,2.69830786453654,11.9606646345749,1315.51531869725,0.012150585609624
979,0.843048398981809,-4.44838393389833e-29,3.70299528418634e-33,-2.66577502972045e-15,-0.0491895327629119,-5.22544854759733e-33,3.18635678921004,2.69859699658168,11.9619462568362,1314.57326525761,0.012150585609624
978,0.831328776235232,9.0065212568363e-29,-1.99193982965766e-33,1.47833364478214e-15,0.0488340981607683,-1.51944399787289e-33,3.18630163625876,2.69879328919831,11.962816354051,1313.93424711023,0.012150585609624
977,0.843271904295973,-5.63118746980272e-29,3.00096654798825e-33,-3.18168063714424e-15,-0.0509067353966658,-6.7135538660773e-33,3.18621763261668,2.6990923937548,11.9641421810028,1312.96137738632,0.012150585609624
976,0.831148820869347,-7.30010254565191e-30,9.15460894488188e-33,1.14687973950925e-15,0.0504804115727393,-2.38480179664598e-33,3.18616050035757,2.6992959098499,11.965044297397,1312.30000298751,0.012150585609624
975,0.843496217436714,-1.76147207363015e-28,2.43020232721061e-33,-3.72210185561959e-15,-0.0526252517010324,-8.10640887731013e-33,3.18607378375694,2.69960495065287,11.9664141682895,1311.29660332548,0.012150585609624
974,0.83096950761879,2.44181543233786e-29,-7.63880897949654e-33,9.07182083066468e-16,0.0521256824344749,1.66751161729117e-32,3.18601465615524,2.69981576629355,11.9673486410422,1310.61274687301,0.012150585609624
973,0.843721340175772,2.99208220988e-29,-4.48373512211548e-33,-4.64658491100055e-15,-0.0543450842965839,-1.73416567346584e-33,3.18592524589369,2.7001347016456,11.9687623710455,1309.57912578378,0.012150585609624
972,0.830790832867786,-1.63713675411202e-28,-1.25867703306388e-32,3.06365139018518e-15,0.0537699166953124,2.37517567340709e-32,3.18586410520845,2.70035289982778,11.9697295680489,1308.87264424734,0.012150585609624
971,0.843947274245603,-1.14826673752032e-28,-2.80502339464968e-33,-2.81719176992553e-15,-0.0560662357277132,8.07288377842468e-33,3.18577202243346,2.70068168216495,11.9711869463282,1307.80913366405,0.012150585609624
970,0.830612792971454,4.98929152680562e-29,1.12254773427255e-32,3.67502042560207e-15,0.0554131203393438,9.77693916409421e-33,3.18570884910311,2.70090735326059,11.97218726817,1307.07986545806,0.012150585609624
969,0.844174021338823,-1.04385582934872e-28,3.72139177077671e-33,-2.99601619225992e-15,-0.0577887084618344,3.70076184491977e-33,3.18561411692888,2.70124592870193,11.9736880558898,1305.98682185725,0.012150585609624
968,0.830435384255561,-1.45118947969095e-28,1.41646834175215e-32,7.03823508835844e-15,0.0570552993847784,-3.22773351419408e-32,3.18554888945333,2.70147917092301,11.9747219379096,1305.23458574499,0.012150585609624
967,0.844401583107653,1.00189953436292e-28,4.10259871127662e-33,-2.48996882168537e-15,-0.0595125048886007,-6.39996723810844e-33,3.18545153308128,2.70182747880314,11.9762658661612,1304.11239147875,0.012150585609624
966,0.830199814731265,8.09471352107992e-29,-8.26738107371174e-33,4.45070872879905e-15,0.059243288089732,7.84243986588948e-33,3.18532829613631,2.70226868499775,11.9782215804805,1302.69285664903,0.012150585609624
965,0.830023864314168,-8.33608306453641e-29,-1.68047496899203e-32,8.87768783067215e-16,0.0608830999959901,1.09692195742462e-32,3.18515736797775,2.70288120025382,11.9809366485636,1300.72578338223,0.012150585609624
964,0.829848532614588,1.04508354499199e-28,-6.57850132011133e-33,5.1207185292675e-16,0.0625219076023085,1.73453301545047e-33,3.18498174184635,2.70351123868889,11.9837293908329,1298.70682808348,0.012150585609624
963,0.829673815827871,4.5691881617112e-29,-2.40958474404436e-32,2.76918503709321e-16,0.064159717067071,4.26742065167717e-32,3.18480141946734,2.70415885139719,11.9866000337713,1296.63618670692,0.012150585609624
962,0.82949971011844,6.4782269676412e-30,2.32654547211358e-32,2.16720703958377e-15,0.0657965345791882,-2.65854034161632e-32,3.18461640258921,2.70482409107297,11.9895488109543,1294.51405993936,0.012150585609624
961,0.829326211619453,8.39258983712938e-30,-8.58263690365877e-33,1.63307886637785e-15,0.0674323663573552,3.45047088576529e-32,3.18442669298285,2.7055070120262,11.9925759631191,1292.34065310707,0.012150585609624
960,0.829153316432448,-5.00231841838426e-29,1.55158054405643e-33,7.57688203860844e-16,0.0690672186493286,-8.77151533594889e-33,3.18423229244078,2.70620767019797,11.9956817382333,1290.11617617193,0.012150585609624
959,0.828981020626973,9.48070206220694e-29,1.85428723712446e-34,1.35961686658387e-15,0.0707010977311775,-7.21628929003697e-33,3.18403320277637,2.70692612317664,11.998866391566,1287.84084373754,0.012150585609624
958,0.828809320240198,-1.09489942315043e-29,5.10908636180943e-33,1.06419571844075e-15,0.0723340099065068,7.20464014102032e-33,3.18382942582313,2.70766243021436,12.0021301857616,1285.51487494694,0.012150585609624
957,0.828638211276514,8.40581047890318e-29,3.0446432160874e-32,2.00023731171136e-15,0.073965961505666,-2.72690709306014e-32,3.183620963434,2.70841665224351,12.0054733909122,1283.13849350135,0.012150585609624
956,0.828467689707117,2.22130946966059e-30,3.48377587333355e-34,1.44976519542223e-15,0.0755969588849365,-1.41691973158287e-32,3.18340781748071,2.70918885189391,12.0088962846342,1280.711927594,0.012150585609624
955,0.828297751469577,3.70740363147619e-29,-6.86111367193602e-33,2.420442627562e-15,0.0772270084256959,1.1600072127502e-34,3.18318998985317,2.7099790935101,12.0123991521445,1278.2354099402,0.012150585609624
954,0.828128392467385,-5.38870275939405e-29,-3.68515127994085e-32,1.58124469901246e-15,0.078856116533558,-9.36297707350864e-33,3.18296748245886,2.71078744316901,12.0159822863394,1275.70917765341,0.012150585609624
953,0.827959608569491,-1.21319942768565e-28,7.43909248929183e-33,7.65946691979525e-16,0.0804842896374847,7.79775932561473e-33,3.18274029722236,2.71161396869804,12.0196459878742,1273.13347227797,0.012150585609624
952,0.827791395609829,2.35336230098006e-30,-3.83170603812962e-33,3.85058483623552e-16,0.0821115341888717,-1.20989636849345e-32,3.18250843608475,2.71245873969336,12.0233905652446,1270.50853980086,0.012150585609624
951,0.827623749386813,1.40796730840101e-29,2.81785038900586e-32,1.31038778433329e-15,0.0837378566606021,6.03531713553985e-33,3.18227190100327,2.71332182753878,12.0272163348704,1267.8346304712,0.012150585609624
950,0.827456665662829,-4.05838034246677e-29,1.14876596027329e-32,2.09173196863483e-15,0.0853632635460848,-1.10196482818965e-32,3.18203069395081,2.71420330542452,12.0311236211785,1265.11199892217,0.012150585609624
949,0.827290140163703,2.39584933382522e-29,2.6192012476717e-32,1.17346562213563e-15,0.0869877613582363,-3.86180457098243e-33,3.18178481691561,2.71510324836687,12.0351127566902,1262.34090405655,0.012150585609624
948,0.827124168578159,-1.07144824105655e-29,-5.9816299575491e-32,-9.60517235037956e-16,0.0886113566284344,1.91866068732175e-32,3.18153427190089,2.71602173322808,12.039184082109,1259.5216090487,0.012150585609624
947,0.826958746557254,-6.80538611023017e-29,-5.08151631730525e-32,3.48669072452633e-16,0.0902340559054558,5.34236541978202e-33,3.1812790609246,2.71695883873608,12.0433379464088,1256.6543813253,0.012150585609624
946,0.826793869713796,6.43745554793603e-29,4.9586536477573e-32,1.01109922766821e-15,0.0918558657543503,-2.04031965065445e-32,3.18101918601918,2.71791464550535,12.0475747069257,1253.73949244969,0.012150585609624
945,0.826629533621754,3.72313624494788e-29,1.9011458214945e-32,2.37670338487235e-15,0.0934767927552868,-1.41251515425034e-33,3.18075464923139,2.71888923605763,12.0518947294498,1250.77721821564,0.012150585609624
944,0.82646573381564,1.38476675110668e-29,3.4301865552475e-32,6.4694531912101e-16,0.0950968435023491,-1.20192181481747e-32,3.18048545262216,2.71988269484309,12.0562983883196,1247.76783853239,0.012150585609624
943,0.826302465789877,-8.30667366862632e-29,-3.4416264662697e-32,-5.8345996936018e-16,0.0967160246023045,5.58756545983989e-33,3.18021159826653,2.72089510826202,12.0607860665177,1244.71163742647,0.012150585609624
942,0.82613972499815,8.75493644603741e-29,-2.20905598724324e-32,2.28130077088383e-15,0.098334342673297,1.03059233769077e-32,3.17993308825365,2.72192656468674,12.0653581557679,1241.60890301958,0.012150585609624
941,0.825977506852744,3.56405080396593e-29,3.5754259352577e-32,-1.91563478829151e-15,0.099951804343523,-2.17807348263862e-34,3.17964992468677,2.72297715448383,12.0700150566341,1238.45992743504,0.012150585609624
940,0.825815806723851,2.84192001116733e-29,1.72362736661072e-32,1.0080402146215e-15,0.101568416249832,-1.8845666491705e-32,3.17936210968333,2.7240469700371,12.0747571786216,1235.26500688121,0.012150585609624
939,0.825654619938875,2.90929413268904e-29,-9.38426233746615e-33,1.13561643498132e-15,0.103184185036281,3.19930065683639e-32,3.17906964537518,2.72513610577029,12.0795849402782,1232.02444151352,0.012150585609624
938,0.825493941781705,-6.55096436900572e-29,-9.73211991548606e-32,1.31812516695311e-15,0.104799117352634,2.83784554791334e-32,3.17877253390871,2.72624465817082,12.0844987692993,1228.73853547293,0.012150585609624
937,0.825280486443548,-1.66496305357261e-25,-1.53671042579028e-28,9.65028579976804e-16,0.106951078439868,-9.87439676761354e-29,3.17836915865789,2.7277531078655,12.0911852045847,1224.28731449438,0.012150585609624
936,0.825120976496529,5.66703187546607e-30,-6.22226305511723e-32,3.15586281159315e-16,0.108564084869033,-1.81019077060527e-32,3.17806121223113,2.728907352916,12.0963015733047,1220.89681813044,0.012150585609624
935,0.824961959133025,1.06976898666212e-28,-5.85352693418519e-32,-5.48462381054862e-17,0.110176277014702,2.11893201086005e-32,3.17774862591001,2.73008135147085,12.1015055024711,1217.46202316177,0.012150585609624
934,0.824803429439576,2.7873092654853e-29,-3.51011264793957e-31,3.23136902187624e-16,0.111787661532499,3.57721033568225e-32,3.17743140190815,2.73127520923944,12.1067974606568,1213.98325056306,0.012150585609624
933,0.824645382455045,1.17418964062229e-28,-3.37430731539133e-31,6.1163941120205e-16,0.113398245074682,2.01964623150654e-32,3.17710954245599,2.73248903412596,12.112177926164,1210.46082515077,0.012150585609624
932,0.824487813169773,-1.87583196207256e-29,-4.70298550724442e-31,-1.55144730259786e-16,0.115008034288185,2.71539195039948e-32,3.17678304980145,2.7337229362552,12.1176473871375,1206.89507550814,0.012150585609624
931,0.824330716524723,-2.61775318703765e-30,-1.45783154292934e-30,-1.22006125640475e-15,0.11661703581264,6.072406333297e-32,3.17645192621071,2.73497702799876,12.1232063416819,1203.28633400132,0.012150585609624
930,0.824174087410589,-2.89008318502879e-29,-2.54828602447529e-31,-1.32523781346209e-15,0.118225256278279,-1.96563344158061e-32,3.17611617396896,2.73625142400145,12.1288552979779,1199.63493672854,0.012150585609624
929,0.824017920666905,3.9787578823165e-29,1.64245562606497e-30,-9.61657501526911e-16,0.119832702303762,-4.42208632088661e-32,3.17577579538133,2.73754624120824,12.134594774402,1195.94122350307,0.012150585609624
928,0.823862211081113,5.04706003220269e-29,-1.21705907875098e-29,-1.19224558662242e-15,0.121439380493911,2.10044865523715e-31,3.17543079277391,2.73886159889133,12.1404252996466,1192.20553782165,0.012150585609624
927,0.823706953387626,1.70857027664493e-29,-9.03805444821818e-30,-9.62457044810735e-16,0.123045297437357,9.33059573062653e-32,3.17508116849477,2.74019761867793,12.146347412843,1188.42822684752,0.012150585609624
926,0.823552142266867,-2.24895651433448e-29,-1.396922488759e-28,-1.55345667680786e-15,0.124650459704092,8.18708869697995e-31,3.17472692491518,2.74155442457789,12.1523616636841,1184.60964137026,0.012150585609624
925,0.823397772344277,-6.90575171478391e-30,2.19242330709348e-26,-2.02869782114563e-15,0.126254873842906,-5.44355221447715e-30,3.17436806443084,2.74293214301215,12.1584686125499,1180.75013582265,0.012150585609624
924,0.823243838189317,-1.20291874804992e-29,-3.33385719684846e-28,-6.3391212920481e-16,0.127858546378743,-1.72528725867363e-30,3.17400458946331,2.74433090284114,12.1646688306343,1176.85006820081,0.012150585609624
923,0.823090334314441,-2.90557552554499e-29,2.03603385467509e-29,6.23775054253306e-17,0.129461483809927,2.50471421047223e-31,3.17363650246143,2.74575083539373,12.1709629000726,1172.90980008869,0.012150585609624
922,0.822937255174046,8.64370310050002e-30,8.16239955403076e-30,9.09581627367332e-16,0.131063692605285,1.06590207209964e-31,3.17326380590295,2.74719207449639,12.1773514140712,1168.9296966128,0.012150585609624
921,0.822784595163403,1.16002055047849e-30,-4.26608077619633e-30,-1.65291471831954e-15,0.132665179201149,-9.84588631587375e-32,3.17288650229621,2.74865475650266,12.1838349770382,1164.91012640699,0.012150585609624
920,0.822632348617572,-5.0416415495564e-29,2.18969094032757e-30,-6.8111332891029e-16,0.134265949998233,3.73480416131959e-32,3.17250459418197,2.75013902032287,12.1904142047149,1160.85146165457,0.012150585609624
919,0.822480509810284,4.96218901394711e-29,3.45350460158589e-31,-4.4117269545191e-16,0.1358660113584,7.58006364931419e-33,3.17211808413532,2.7516450074542,12.1970897243094,1156.75407799099,0.012150585609624
918,0.822329072952807,1.22787156296311e-28,-3.36884220705549e-32,-1.35582693568541e-15,0.137465369601266,-8.78980602804769e-33,3.17172697476778,2.75317286201101,12.2038621746309,1152.6183545107,0.012150585609624
917,0.822178032192798,-7.73605401484592e-29,-3.76126594974982e-31,-1.52446646038425e-15,0.139064031000703,-1.4913026631142e-33,3.17133126872949,2.75472273075532,12.2107322062244,1148.44467378266,0.012150585609624
916,0.822027381613116,-8.87593820193964e-30,4.95131386103077e-31,-1.66467592952859e-15,0.140662001781168,2.58365664949153e-32,3.17093096871153,2.75629476312757,12.2177004815076,1144.23342177828,0.012150585609624
915,0.821877115230627,-8.06106387533539e-29,-8.94318453094298e-32,1.89753662889611e-17,0.142259288113907,-1.19153514673361e-32,3.17052607744839,2.75788911127766,12.2247676749086,1139.98498790049,0.012150585609624
914,0.821727226994981,9.86578738674403e-30,3.96758307583326e-31,-1.21733239004579e-15,0.143855896112997,-1.66092649793786e-33,3.17011659772062,2.75950593009604,12.2319344730029,1135.69976492454,0.012150585609624
913,0.821577710787368,-1.22204727139628e-28,-9.07985690812439e-32,-1.86546478934545e-15,0.145451831831228,-1.25933178341728e-32,3.16970253235754,2.76114537724507,12.2392015746533,1131.3781490168,0.012150585609624
912,0.82142856041925,-2.58950275670537e-29,1.08151122648534e-31,-1.77293643454212e-15,0.14704710125583,1.13295556125473e-32,3.16928388424022,2.76280761319056,12.2465696911492,1127.02053969499,0.012150585609624
911,0.821279769631075,1.25507025657673e-28,-5.88892106908845e-32,-1.18970075005741e-15,0.148641710304022,-6.77607841059754e-33,3.16886065630454,2.76449280123334,12.2540395463465,1122.62733984114,0.012150585609624
910,0.821131332090965,-1.20081710984583e-28,-7.02641168754865e-33,-3.32572479158592e-16,0.150235664818385,3.04712586015634e-32,3.16843285154447,2.76620110754096,12.2616118768085,1118.19895564994,0.012150585609624
909,0.820983241393381,-6.69791935657233e-29,4.88493134405113e-33,-3.41393885006525e-15,0.151828970562066,-1.46226560166019e-32,3.16800047301546,2.76793270117951,12.2692874319467,1113.73579663088,0.012150585609624
908,0.820835491057769,2.38282451711167e-28,-8.27444579476018e-33,-3.32981571718755e-15,0.153421633213775,2.00903739499037e-32,3.16756352383808,2.76968775414543,12.2770669741617,1109.23827561698,0.012150585609624
907,0.820688074527183,2.10728519026261e-28,-1.7532531303293e-33,-3.26006044656989e-15,0.155013658362609,-1.33751273719612e-32,3.16712200720182,2.77146644139742,12.2849512789849,1104.70680871208,0.012150585609624
906,0.820540985166888,-7.28266574087801e-29,4.23550598005234e-33,-4.03764521669443e-15,0.156605051502643,-1.38885597945134e-32,3.16667592636905,2.77326894088815,12.2929411352189,1100.14181533284,0.012150585609624
905,0.820394216262933,-1.14245644828057e-28,-1.23288903799554e-32,-1.23763426409853e-15,0.158195818027365,-1.03218278154744e-32,3.16622528467924,2.77509543359618,12.3010373450789,1095.54371813931,0.012150585609624
904,0.820247761020713,-3.33643767519633e-29,-4.52137738996469e-33,-3.64327455303042e-16,0.159785963223838,-2.6616577526347e-32,3.16577008555336,2.77694610355755,12.3092407243331,1090.91294307066,0.012150585609624
903,0.820101612563507,4.44548979980343e-29,7.62339824855726e-33,1.25215506966095e-15,0.16137549226669,-1.93132546345751e-32,3.16531033249846,2.7788211378973,12.3175521024418,1086.24991931593,0.012150585609624
902,0.819955763930983,6.16696905687026e-29,-1.64113117307001e-32,1.77494613618282e-15,0.162964410211849,3.50245124595865e-32,3.16484602911254,2.78072072686089,12.3259723226975,1081.55507930326,0.012150585609624
901,0.819810208077702,1.03298130961241e-28,-3.04058070761096e-33,1.17788350302408e-15,0.164552721990048,-1.22980689180768e-32,3.16437717908959,2.78264506384531,12.334502242362,1076.82885870342,0.012150585609624
900,0.819664937871587,2.29883588103097e-28,-1.32988612984799e-32,7.24470752471722e-16,0.166140432400101,2.8798847523818e-33,3.16390378622489,2.78459434543,12.3431427328039,1072.07169642849,0.012150585609624
899,0.819519946092374,-1.90524175144265e-29,-1.09840543129536e-32,-2.84095677147517e-16,0.167727546101895,1.1185475269967e-33,3.16342585442061,2.78656877140746,12.3518946796342,1067.28403460313,0.012150585609624
898,0.819375225430051,2.24444094159439e-28,-3.9837870891352e-33,-1.24986998157384e-15,0.169314067609182,-4.9131902282449e-32,3.16294338769151,2.78856854481326,12.3607589828393,1062.46631858713,0.012150585609624
897,0.819230768483267,8.07389658318186e-29,9.51333455592231e-33,-1.13915817462128e-16,0.170900001282039,-1.46836876832966e-32,3.1624563901711,2.79059387195592,12.3697365569134,1057.61899695847,0.012150585609624
896,0.819086567757733,2.27332308170917e-28,4.78256341850977e-33,-3.67161259197661e-15,0.172485351319148,-6.97032885207092e-33,3.16196486611792,2.7926449624461,12.3788283309881,1052.74252151037,0.012150585609624
895,0.81894261566459,9.027241017498e-29,-5.98560547944358e-33,-3.94472321520093e-15,0.174070121749645,-9.30428464057208e-33,3.16146881992217,2.79472202922536,12.3880352489595,1047.83734725487,0.012150585609624
894,0.818798904518779,8.05808769540822e-29,-3.10650830827683e-33,-4.07670524505404e-15,0.175654316424882,-4.24749602243073e-33,3.16096825611262,2.79682528859417,12.3973582696127,1042.90393240236,0.012150585609624
893,0.818655426537379,-1.87443663152717e-28,-3.09746875671901e-33,-4.47493685930236e-15,0.177237939009739,-1.38378254583319e-32,3.16046317936376,2.7989549602393,12.4067983667432,1037.94273840411,0.012150585609624
892,0.818512173837936,-3.71004823295273e-29,-8.30398596779634e-33,-5.60676267649973e-15,0.178820992973685,-2.91364612563177e-32,3.15995359450337,2.80111126726041,12.4163565292744,1032.95422991396,0.012150585609624
891,0.818369138436772,-6.99430103868115e-29,-9.07231846285256e-34,-6.19321160236098e-15,0.180403481581545,1.25500949068931e-32,3.15943950652031,2.80329443619576,12.4260337613722,1027.93887480137,0.012150585609624
890,0.818226312247287,-1.0604447508849e-28,5.58673526695462e-34,-3.11036415510383e-15,0.181985407883916,1.0083237727088e-32,3.15892092057266,2.80550469704713,12.4358310825547,1022.89714416872,0.012150585609624
889,0.818083687078244,-1.26186516288035e-28,6.20360090680357e-33,-2.90859104219989e-15,0.183566774707337,3.93808475039599e-32,3.15839784199621,2.80774228330347,12.4457495277977,1017.82951233552,0.012150585609624
888,0.81794125463204,1.99207001477539e-29,-1.89157318324858e-33,-6.18620932854935e-15,0.185147584643998,2.34707430545634e-33,3.1578702763133,2.81000743196363,12.4557901476349,1012.73645685254,0.012150585609624
887,0.817799006502968,3.68081292231934e-29,3.6313253936167e-33,-7.5414137650723e-15,0.186727840041186,8.45928052648348e-33,3.15733822924198,2.81230038355784,12.4659540082537,1007.61845850173,0.012150585609624
886,0.817656934175472,2.16757320655223e-29,2.91713029088761e-33,-7.5984122965455e-15,0.188307542990441,3.83307401968039e-34,3.15680170670558,2.81462138216778,12.4762421915835,1002.47600131483,0.012150585609624
885,0.817515029022391,7.76694993841414e-29,2.52367469925212e-33,-7.92069059219025e-15,0.189886695316257,1.24667758673068e-32,3.15626071484261,2.81697067544531,12.4866557953795,997.309572569077,0.012150585609624
884,0.8173732823032,6.22249457519484e-29,-1.2200132606238e-33,-5.38952872162505e-15,0.19146529856445,1.65141439765101e-32,3.15571526001708,2.8193485146298,12.4971959332987,992.119662795721,0.012150585609624
883,0.817231685162238,-2.81603416856453e-29,2.75685751362474e-34,-4.84331048475593e-15,0.193043353990217,3.50472700302184e-32,3.1551653488292,2.8217551545633,12.5078637349677,986.906765791539,0.012150585609624
882,0.817090228626945,4.52935746317439e-29,2.03719636216432e-33,-4.42791395952163e-15,0.194620862545777,-7.35261136990183e-33,3.15461098812647,2.82419085370472,12.5186603460454,981.671378641082,0.012150585609624
881,0.816948903606086,4.05521058080747e-29,-2.80872620185477e-34,-1.9763149883859e-15,0.196197824867549,9.49507912865404e-33,3.15405218501526,2.82665587414151,12.5295869282746,976.414001699511,0.012150585609624
880,0.816807700887987,3.9520171326199e-30,-2.30116978168879e-34,-2.20876146470309e-15,0.197774241263176,1.98868077157001e-33,3.15348894687268,2.82915048159925,12.5406446595251,971.13513862692,0.012150585609624
879,0.81666661113876,2.21472636216586e-29,-3.38676967139988e-33,-1.54456598756623e-15,0.199350111697907,-2.58628035288257e-32,3.15292128135899,2.83167494544971,12.5518347338284,965.835296386609,0.012150585609624
878,0.816525624900551,-5.68996331523066e-29,1.02141642878826e-34,-1.9508823112431e-15,0.200925435780744,-1.75728882284087e-32,3.15234919643047,2.83422953871594,12.5631583614014,960.514985270519,0.012150585609624
877,0.816384732589778,-6.93477111318634e-29,-3.78846547843463e-33,-2.00832309790624e-15,0.202500212750129,-2.7673064829092e-32,3.15177270035262,2.83681453807514,12.5746167686581,955.174718897548,0.012150585609624
876,0.816243924495388,-6.86706367992004e-29,2.44384687788778e-33,3.96467180773966e-16,0.204074441459243,8.8167108896861e-34,3.15119180171397,2.83943022385903,12.5862111982122,949.815014237623,0.012150585609624
875,0.816103190777133,-5.8615795096824e-29,3.60641666832278e-35,-3.40364250067702e-15,0.205648120360952,-1.5887887606166e-32,3.15060650944025,2.84207688005111,12.5979429088641,944.436391615543,0.012150585609624
874,0.815962521463846,-1.84180914847585e-28,-8.05140161916341e-35,-3.03397704805061e-15,0.207221247492176,-1.81762459687987e-32,3.15001683280912,2.8447547942813,12.6098131755777,939.039374733569,0.012150585609624
873,0.815821906451748,5.9267187966533e-29,8.95493065824357e-34,-5.85811471701216e-15,0.208793820458109,2.59523291785843e-32,3.14942278146532,2.84746425781728,12.6218232894418,933.624490683375,0.012150585609624
872,0.815681335502777,-5.46186276537751e-29,1.82046459123146e-33,4.68214403086721e-16,0.210365836415795,-9.0215547393123e-33,3.14882436543635,2.85020556555258,12.6339745576173,928.192269960615,0.012150585609624
871,0.815540798242931,4.78233669503686e-29,1.83909029922024e-33,5.45030126217761e-15,0.211937292057475,3.36434417792207e-33,3.14822159514868,2.85297901599098,12.6462683032682,922.743246473324,0.012150585609624
870,0.815400284160665,9.30305221702985e-30,2.27977725387176e-33,-4.38076240120531e-15,0.213508183593364,7.1679353299159e-33,3.14761448144441,2.8557849112276,12.6587058654775,917.277957569259,0.012150585609624
869,0.815259782605278,1.03915491560618e-28,-1.04658670157524e-33,1.41608907627916e-16,0.215078506734124,1.02121894573732e-32,3.14700303559851,2.85862355692565,12.6712885991443,911.796944032369,0.012150585609624
868,0.815119282785386,-5.34941328659246e-29,-1.30037593191777e-34,-2.24849124950561e-15,0.21664825667302,-2.34119918469093e-32,3.14638726933648,2.8614952622895,12.6840178748647,906.300750121077,0.012150585609624
867,0.814978773767408,-1.59993690068723e-28,5.24545252271245e-34,-3.20390943055251e-15,0.218217428067399,1.05407048635975e-32,3.14576719485269,2.86440034003322,12.6968950787919,900.789923554027,0.012150585609624
866,0.814838244474095,-7.4918578487269e-29,1.67578474653225e-33,2.96439426759563e-15,0.219786015020108,1.2372712809354e-32,3.1451428248291,2.86733910634435,12.7099216124758,895.265015553449,0.012150585609624
865,0.814697683683125,-7.07535977542847e-29,-8.07887879961388e-34,3.87424587898623e-15,0.221354011060362,2.45204830197347e-32,3.14451417245458,2.87031188084372,12.7230988926848,889.726580828825,0.012150585609624
864,0.814557080025736,-9.53643913483758e-29,1.89340548506792e-34,1.06576457006527e-14,0.222921409124156,1.50300030127282e-33,3.14388125144477,2.87331898653924,12.7364283512013,884.17517759695,0.012150585609624
863,0.814416421985447,-1.28607127651042e-30,-2.57681953353677e-34,1.94087081636027e-15,0.224488201534569,-1.77683964488374e-32,3.14324407606243,2.87636074977551,12.7499114345977,878.611367616933,0.012150585609624
862,0.814275697896792,-1.31858914465659e-28,1.41847491060901e-33,1.73972532422402e-15,0.22605437998147,3.02404444083077e-33,3.14260266113837,2.87943750017709,12.7635496039857,873.035716172656,0.012150585609624
861,0.814134895944189,6.37487762098471e-29,1.17878279626871e-33,7.1894609207935e-16,0.227619935501019,3.83813951871167e-32,3.14195702209286,2.88254957058681,12.7773443347424,867.448792083381,0.012150585609624
860,0.813994004160839,2.60825157298325e-28,5.07887027952155e-35,-1.03278567724276e-15,0.229184858454843,-2.23001152503535e-32,3.14130717495759,2.8856972969976,12.791297116208,861.851167734322,0.012150585609624
859,0.813853010427719,-2.37525902065855e-29,-6.31202262825167e-34,2.43331097649287e-15,0.230749138508879,-4.92021380699106e-33,3.14065313639815,2.88888101847859,12.8054094513586,856.2434190447,0.012150585609624
858,0.813711902472677,3.83560749330055e-29,9.17526972746552e-34,3.13628732208579e-16,0.232312764611965,3.82747073198361e-32,3.13999492373702,2.89210107709432,12.8196828564481,850.626125507167,0.012150585609624
857,0.813570667869598,6.18098836792997e-29,5.47132376222295e-34,2.39491588045817e-15,0.233875724974173,4.45337210303374e-33,3.13933255497703,2.89535781781792,12.8341188606226,844.99987016471,0.012150585609624
856,0.813429294037697,1.49971318942474e-29,-8.28069648597068e-34,2.57763687107876e-15,0.235438007044918,-3.70262382797148e-32,3.13866604882536,2.89865158843649,12.8487190055022,839.365239631487,0.012150585609624
855,0.813287768240899,9.0339727896347e-29,-2.40150557137116e-34,-4.82448466422876e-15,0.236999597490859,3.0107560649419e-32,3.13799542471795,2.90198273945014,12.8634848447324,833.722824062282,0.012150585609624
854,0.813146077587336,1.71630958690167e-28,-1.30549080171179e-33,1.05833260662441e-15,0.238560482173653,-4.99775058986565e-32,3.13732070284444,2.90535162396287,12.8784179435011,828.073217174132,0.012150585609624
853,0.813004209028991,1.55380358395957e-28,-1.42442364670814e-34,8.39082836561798e-16,0.240120646127546,-2.88343474532128e-33,3.13664190417351,2.90875859756651,12.8935198780237,822.417016212812,0.012150585609624
852,0.812862149361436,-1.44062060780804e-28,4.93773748902595e-34,1.52132900395158e-15,0.241680073536915,6.06348785765731e-33,3.1359590504786,2.9122040182157,12.9087922349892,816.75482196106,0.012150585609624
851,0.812719885223729,1.38861524479106e-28,2.15573725326307e-34,1.6504791169997e-15,0.243238747713717,1.7094391497963e-32,3.13527216436412,2.91568824609572,12.9242366109742,811.08723870438,0.012150585609624
850,0.812577403098449,1.92746900732705e-28,-8.26112450502949e-34,1.48416299429549e-15,0.244796651074933,-3.12638709324359e-32,3.13458126929194,2.91921164348117,12.9398546118167,805.414874217411,0.012150585609624
849,0.81243468931189,-4.93024365394106e-28,-2.42399424767033e-34,1.34345506615399e-15,0.246353765120079,-1.94954797688396e-32,3.13388638960829,2.92277457458616,12.9556478519518,799.738339746107,0.012150585609624
848,0.812291730034405,-2.606751592909e-28,1.18914771770709e-33,1.08441542434701e-15,0.247910070408766,3.89071703003525e-32,3.13318755057085,2.92637740540571,12.9716179537086,794.058249966112,0.012150585609624
847,0.812148511280925,4.97742521331857e-28,-2.85667167768894e-35,1.44916845388942e-15,0.249465546538426,1.05309129956551e-32,3.13248477837625,2.93002050354779,12.9877665465659,788.375222956302,0.012150585609624
846,0.812005018911661,8.64143972374333e-29,-3.0206972206668e-34,1.65664697061777e-15,0.251020172122233,-4.4634554935751e-32,3.13177810018772,2.93370423805615,13.0040952663671,782.689880155746,0.012150585609624
845,0.811861238632976,-4.42503780864393e-28,-1.11079808048891e-34,2.37016282247969e-15,0.252573924767269,-2.65530303017415e-32,3.13106754416288,2.93742897922352,13.0206057544915,777.002846317666,0.012150585609624
844,0.811717155998463,2.09661025475869e-29,5.78440933572478e-34,2.04578154548752e-15,0.254126781053035,3.37596335183277e-32,3.13035313948179,2.9411950983951,13.0372996569839,771.314749457587,0.012150585609624
843,0.811572756410227,4.47252026418872e-29,-4.00567332457957e-34,9.02869595847375e-16,0.255678716510353,-1.0558525357956e-32,3.12963491637495,2.94500296776205,13.0541786236389,765.626220799795,0.012150585609624
842,0.811428025120361,-5.92864040841919e-29,-1.09304223831974e-33,2.10682094266119e-15,0.257229705600714,-5.89281900835577e-32,3.12891290615144,2.948852960145,13.0712443070412,759.937894705389,0.012150585609624
841,0.811282947232663,3.3843780519711e-28,-1.36480771602222e-34,1.91790963408349e-15,0.25877972169619,-3.29944807354905e-32,3.12818714122695,2.95274544876726,13.0884983615606,754.250408602336,0.012150585609624
840,0.811137507704563,5.88328333000323e-29,7.48362014068464e-34,1.16273108347248e-15,0.260328737059965,5.9689158106506e-32,3.12745765515176,2.95668080701766,13.1059424423004,748.564402907958,0.012150585609624
839,0.810991691349295,3.49022180066692e-28,-7.7190379383081e-34,2.42926240608511e-15,0.261876722827555,-4.15122068410968e-32,3.12672448263858,2.96065940820306,13.1235782040008,742.880520944225,0.012150585609624
838,0.810845482838303,-9.01626943576785e-29,-7.73338631622782e-34,5.51948894912397e-16,0.263423648988838,-2.57499560711467e-32,3.12598765959006,2.96468162529025,13.1414072998944,737.199408825331,0.012150585609624
837,0.810698866703916,1.69790097867233e-28,7.05840276630628e-35,2.49489410692997e-15,0.264969484370954,2.79953618702005e-32,3.12524722312612,2.96874783063734,13.1594313805159,731.521715377831,0.012150585609624
836,0.810551827342259,6.76768145007955e-29,1.67771696537142e-34,6.33284204165339e-16,0.266514196622198,7.15354140159008e-33,3.12450321161083,2.9728583957146,13.1776520924643,725.848091999007,0.012150585609624
835,0.810404349016449,-3.03359842186545e-28,4.41394822655907e-34,2.05886895858295e-15,0.268057752196959,3.17943010033009e-32,3.12375566467879,2.9770136908147,13.1960710771187,720.179192556285,0.012150585609624
834,0.810256415860056,2.89764171902887e-28,-1.16638720833929e-33,1.42317172171049e-15,0.269600116341875,-3.54792406942586e-32,3.12300462326098,2.98121408475245,13.2146899693077,714.515673236662,0.012150585609624
833,0.810108011880844,8.1238065996005e-28,2.58746143083156e-34,1.56516356187524e-15,0.27114125308321,3.25776034189148e-32,3.12225012960998,2.98545994455427,13.2335103959323,708.858192413815,0.012150585609624
832,0.809959120964802,-2.03574958793251e-28,7.98547107976166e-34,1.23413333372163e-15,0.272681125215656,3.26326165545333e-32,3.12149222732442,2.98975163513715,13.2525339745431,703.207410481737,0.012150585609624
831,0.809809726880466,1.12708118475357e-28,1.35007730243848e-34,2.84825796439638e-15,0.274219694292613,2.74003736495882e-32,3.12073096137255,2.99408951897775,13.2717623118737,697.563989701161,0.012150585609624
830,0.809659813283538,-1.03759701121843e-28,2.50653231819729e-34,2.04684685712461e-15,0.275756920618061,1.1641520058312e-32,3.11996637811487,2.99847395577131,13.2911970023286,691.928594009463,0.012150585609624
829,0.809509363721803,-3.65039026667698e-28,-1.30391416991375e-33,3.24300107038222e-15,0.277292763240136,-6.12796960027167e-32,3.11919852532577,3.0029053020812,13.3108396264298,686.301888839145,0.012150585609624
828,0.809358361640361,5.21956394118026e-29,-6.00513044061074e-34,3.17240361138922e-15,0.278827179946551,-2.72607954503716e-32,3.11842745221387,3.00738391097886,13.3306917492206,680.68454091343,0.012150585609624
827,0.809206790387163,-3.55891080950831e-28,8.37588214102851e-34,5.00523120583759e-15,0.280360127261917,4.89964853332343e-32,3.1176532094412,3.011910131675,13.3507549186314,675.077218031874,0.012150585609624
826,0.809054633218857,7.79891054071748e-29,-4.07807642975053e-34,4.21177192706447e-15,0.281891560447146,-2.32880242126716e-32,3.11687584914084,3.01648430914197,13.3710306638051,669.480588842738,0.012150585609624
825,0.808901873306949,-6.91852237829e-28,5.6220956063953e-34,3.13496548697165e-15,0.283421433500968,3.07410345550771e-32,3.11609542493323,3.02110678372813,13.3915204933881,663.89532260564,0.012150585609624
824,0.808748493744284,2.73364637097439e-28,2.45164821145091e-34,4.49925251012057e-15,0.284949699163755,2.16279910904403e-32,3.11531199194064,3.02577789076453,13.412225893787,658.322088939818,0.012150585609624
823,0.808594477551831,2.2467608939391e-28,9.90640884657775e-34,4.17578215183354e-15,0.286476308923707,7.35224226467568e-32,3.11452560679998,3.03049796016447,13.433148327393,652.761557550472,0.012150585609624
822,0.808439807685788,-1.54176204772137e-27,2.02029275339949e-34,5.11500845265295e-15,0.288001213025505,4.25727319669369e-33,3.11373632767377,3.03526731601665,13.4542892307794,647.214397961328,0.012150585609624
821,0.808284467044994,-1.55274191907441e-27,-1.89457676072564e-35,5.89428869296018e-15,0.28952436048157,2.00330318661027e-34,3.112944214259,3.04008627617257,13.4756500128718,641.68127921241,0.012150585609624
820,0.808128438478654,1.98453855251601e-27,-2.36671093858682e-35,4.96189491722282e-15,0.291045699085992,-1.61442041493628e-32,3.11214932779393,3.04495515182869,13.4972320530962,636.162869556802,0.012150585609624
819,0.807971704794355,-6.96633894330108e-28,2.73260265706346e-33,2.86732540389076e-15,0.292565175431243,1.84874040254388e-31,3.11135173106267,3.04987424710442,13.5190366995088,630.659836143967,0.012150585609624
818,0.807814248766393,8.60448518944352e-28,9.49681886029326e-35,2.78752764482581e-15,0.294082734927757,-1.3665768350202e-32,3.11055148839729,3.05484385861662,13.5410652669094,625.172844685502,0.012150585609624
817,0.807656053144375,4.9053023642357e-28,-2.91639046413056e-34,1.46259597564632e-15,0.29559832182645,-1.58009127791486e-32,3.10974866567757,3.0598642750515,13.563319034944,619.702559104298,0.012150585609624
816,0.807497100662119,5.96272281693463e-28,1.99146963191733e-33,1.26070188857364e-15,0.297111879244277,1.23540130452211e-31,3.10894333032809,3.06493577673482,13.5857992461998,614.249641187163,0.012150585609624
815,0.80733737404681,-7.18306673359864e-28,4.26772774957632e-34,1.88856073433137e-15,0.298623349192854,4.93036420071041e-32,3.10813555131264,3.07005863520159,13.6085071042974,608.814750200541,0.012150585609624
814,0.807176856028429,8.22581972979618e-28,9.28347398245871e-34,1.88869780886375e-15,0.30013267261026,5.31226350738296e-32,3.10732539912583,3.0752331127659,13.6314437719843,603.398542516324,0.012150585609624
813,0.807015529349421,3.26714101417516e-27,-3.55583918716873e-34,-3.87109552989041e-17,0.301639789396009,-2.97618947806162e-32,3.10651294578176,3.08045946209258,13.6546103692362,598.001671211038,0.012150585609624
812,0.806853376774609,9.39391052073732e-28,-1.14380669654396e-33,1.31805750787163e-15,0.303144638449244,-7.13259879423583e-32,3.1056982647998,3.08573792577093,13.6780079713677,592.624785662277,0.012150585609624
811,0.80669038110132,-4.95057076451863e-28,1.91065145656242e-33,1.0916294911449e-15,0.304647157710238,1.09657401109678e-31,3.10488143118714,3.09106873589251,13.7016376071601,587.268531127266,0.012150585609624
810,0.806526525169715,-1.67746172087907e-28,-9.1679963561698e-34,3.7940285457697e-16,0.306147284205112,-5.71623624697525e-32,3.10406252141835,3.09645211363383,13.7255002570124,581.933548319173,0.012150585609624
809,0.806361791873313,8.42545110386554e-29,-1.28549160204247e-33,2.98127967110586e-15,0.307644954093841,-8.20672791619801e-32,3.10324161341161,3.10188826884512,13.749596851118,576.620472965616,0.012150585609624
808,0.80619616416967,4.4402890998788e-28,4.24299507292853e-35,-6.63382741945697e-16,0.30914010272153,3.3857558075223e-33,3.10241878650174,3.10737739964637,13.7739282676743,571.329935359216,0.012150585609624
807,0.80602962509123,1.0525821036246e-29,-1.25537727348432e-33,1.49487396766266e-16,0.310632664672934,-9.17985856353754e-32,3.10159412140984,3.11291969203212,13.7984953311306,566.062559916892,0.012150585609624
806,0.805862157756268,1.32250794818457e-27,8.90310421434177e-34,-1.08753218863991e-15,0.312122573830121,5.62697155696251e-32,3.10076770020969,3.11851531948602,13.8232988104799,560.818964700445,0.012150585609624
805,0.805693745379965,2.21166483558303e-27,-1.66825019508547e-33,-1.71171479201911e-15,0.313609763433291,-1.15327421620756e-31,3.09993960629066,3.12416444260686,13.848339417601,555.599760961005,0.012150585609624
804,0.805524371285554,-1.28576756615089e-28,1.87485618421195e-33,-1.96521730548992e-15,0.315094166144678,9.97797690994924e-32,3.09910992431734,3.12986720874653,13.873617805654,550.405552661536,0.012150585609624
803,0.805354018915524,-3.32858486143998e-27,-2.59087036444894e-33,5.44081039882037e-16,0.316575714115383,-1.40553718468499e-31,3.09827874018573,3.13562375166217,13.8991345675377,545.236936002304,0.012150585609624
802,0.805182671842857,-1.03313142337958e-27,-1.13571886206156e-33,-2.41321604527876e-15,0.318054339055118,-7.11656505129061e-32,3.0974461409761,3.14143419118272,13.9248902344126,540.094498940331,0.012150585609624
801,0.805010313782266,7.19764524777464e-28,-2.19630038350589e-33,-4.03513172844873e-15,0.31952997230462,-1.35046433395348e-31,3.09661221490256,3.1472986328924,13.9508852742968,534.978820710365,0.012150585609624
800,0.804836928601419,-1.86025477948751e-28,-4.32509371060637e-34,-1.0131758188945e-14,0.321002544910742,-2.26305937321437e-32,3.09577705125936,3.15321716783071,13.977120090737,529.890471341334,0.012150585609624
799,0.804662500332108,1.90981386713756e-27,-7.43705704735498e-34,-1.07400107051049e-14,0.322471987704007,-4.37510063618989e-32,3.0949407403639,3.15918987221131,14.0035950215618,524.830011179572,0.012150585609624
798,0.804487013181359,3.42959528107182e-27,-1.72069597757336e-34,-1.2476392033587e-14,0.323938231378376,-1.88222153794061e-32,3.09410337349672,3.16521680716064,14.0303103377237,519.797990409091,0.012150585609624
797,0.804310451542419,1.66584673008256e-27,-2.7603913435169e-36,-1.1369897822614e-14,0.325401206573188,2.4141803392089e-33,3.09326504283843,3.1712980184768,14.0572662422299,514.794948579723,0.012150585609624
796,0.804132800005625,2.35313292648379e-27,2.80519384133055e-33,-8.1574500337504e-15,0.326860843956993,1.60111640497254e-31,3.0924258414037,3.17743353641039,14.0844628691706,509.821414138013,0.012150585609624
795,0.803954043369119,3.19258531057653e-27,2.05833505666997e-33,-6.30559420064933e-15,0.328317074313053,1.13693813611532e-31,3.09158586297248,3.18362337546769,14.1119002828473,504.877903967187,0.012150585609624
794,0.803774166649364,3.23832726083931e-27,3.61790859497e-33,-5.05744925553555e-15,0.329769828626359,2.0706897227023e-31,3.09074520201856,3.18986753423733,14.1395784770038,499.964922932239,0.012150585609624
793,0.803593155091463,8.13675018818505e-28,-6.87221180797572e-34,-4.65300468748763e-15,0.331219038171865,-4.92996923460854e-32,3.08990395363564,3.19616599524096,14.1674973741647,495.082963438691,0.012150585609624
792,0.803410994179226,-2.35653585224506e-27,2.64119226741719e-33,-5.28691950797806e-15,0.33266463460371,1.44711771125775e-31,3.08906221346104,3.20251872480896,14.1956568250842,490.232504998873,0.012150585609624
791,0.803227669644984,-2.44558721102746e-28,-4.31300127164977e-34,-3.66999711096198e-15,0.334106550045198,-2.31338463736177e-32,3.08822007759733,3.20892567298128,14.2240566083066,485.414013814182,0.012150585609624
790,0.803043167479102,-2.33599227330353e-27,9.37169024171311e-34,-2.84042779561507e-15,0.335544717179239,5.23102509279763e-32,3.08737764253193,3.21538677343438,14.2526964298427,480.627942367696,0.012150585609624
789,0.802857473939187,4.02012498277302e-27,-4.51372331461965e-33,-3.31022474780326e-15,0.336979069338999,-2.42046135817365e-31,3.08653500505504,3.22190194343423,14.2815759229612,475.874729035956,0.012150585609624
788,0.802670575558952,6.02975332414072e-27,3.47693963899955e-34,-9.80819433189198e-15,0.338409540598485,1.50133080542107e-32,3.08569226217596,3.22847108381605,14.3106946480989,471.154797715274,0.012150585609624
787,0.802482459156715,3.96970478906376e-28,-8.40346217723468e-35,-1.22224911055954e-14,0.339836065862784,-7.12667547820204e-33,3.08484951103817,3.23509407899041,14.340052092888,466.46855746675,0.012150585609624
786,0.802293111843532,3.06119072186312e-27,-3.20233332205892e-33,-1.36085568386922e-14,0.341258580957658,-1.68150611263658e-31,3.08400684883333,3.2417707969765,14.3696476723031,461.816402181083,0.012150585609624
785,0.802102521030919,2.91757761279082e-27,-3.86413278448103e-34,-1.21995812791677e-14,0.342677022718259,-2.42283374087248e-32,3.0831643727144,3.24850108946172,14.3994807289258,457.198710263264,0.012150585609624
784,0.801910674438157,5.79610918068596e-27,9.92315780436704e-34,-1.31925905756612e-14,0.344091329076642,5.00903768662225e-32,3.0823221797082,3.25528479188804,14.4295505333274,452.615844339838,0.012150585609624
783,0.801717560099156,-3.49543019640613e-28,-3.05805443113594e-33,-1.27562125922745e-14,0.345501439147816,-1.50073341919198e-31,3.08148036662767,3.26212172356452,14.4598562845675,448.068150988135,0.012150585609624
782,0.801523166368886,-1.73291309113589e-27,-2.54255901599808e-33,-4.16588182092084e-15,0.346907293314071,-1.30861109269133e-31,3.08063902998401,3.26901168780572,14.4903971108076,443.555960489516,0.012150585609624
781,0.801327481929336,8.20137734650357e-28,-6.5613155927023e-34,-8.52646138650397e-15,0.3483088333073,-3.53608919230178e-32,3.07979826589896,3.2759544720955,14.5211720700373,439.079586607076,0.012150585609624
780,0.801130495794988,2.70977671838816e-27,-1.76067711183872e-33,-1.02640950901418e-14,0.349706002289064,-8.33215786540815e-32,3.07895817001757,3.28294984827573,14.5521801509106,434.639326388887,0.012150585609624
779,0.800932197317826,-4.45445906653217e-27,-3.09742063491902e-33,-2.96226747742313e-15,0.351098744928184,-1.49258207116564e-31,3.07811883742159,3.28999757275893,14.5834202736884,430.235459996353,0.012150585609624
778,0.800732576191854,1.25889769424206e-27,8.55192895045346e-34,-3.30093992220327e-15,0.352487007475567,4.26531416580049e-32,3.07728036254377,3.2970973867645,14.614891291286,425.868250560452,0.012150585609624
777,0.800531622457101,6.42382107976778e-29,1.94622742574808e-33,-1.01683646670807e-14,0.353870737836088,9.09247701547481e-32,3.07644283908343,3.30424901657724,14.6465919904185,421.537944063538,0.012150585609624
776,0.800329326503141,-3.02700101636274e-27,-1.77018428974298e-34,-8.75613942614079e-15,0.355249885637315,-1.13221617530806e-32,3.07560635992325,3.3114521738274,14.6785210928429,417.244769248124,0.012150585609624
775,0.800125679072105,-2.53437607338723e-27,-2.396442129455e-33,-5.3766340140014e-15,0.356624402294857,-1.12365928173069e-31,3.07477101704785,3.31870655579146,14.7106772566905,412.988937555768,0.012150585609624
774,0.799920671261206,2.26618521248022e-27,-1.2763980512129e-33,-5.42290725350261e-15,0.35799424107417,-5.79582426749202e-32,3.07393690146416,3.32601184571218,14.7430590778861,408.770643089669,0.012150585609624
773,0.79971429452473,-3.15893449257025e-28,6.36525415524468e-34,-6.20160415808086e-15,0.359359357148706,3.02920074680065e-32,3.07310410312381,3.33336771313683,14.7756650916471,404.59006260711,0.012150585609624
772,0.799506540675568,6.16530349977094e-27,-4.64106842881732e-34,-8.72197249839006e-15,0.360719707654149,-1.9834221975916e-32,3.07227271084789,3.34077381427265,14.8084937740594,400.44735553926,0.012150585609624
771,0.799297401886233,-1.80243379425682e-27,1.86149981332172e-33,-1.07220896600333e-14,0.362075251738755,8.50372596788807e-32,3.07144281225401,3.34822979235819,14.8415435437228,396.342664036482,0.012150585609624
770,0.799086870689401,1.65316428469155e-27,-2.96089651696261e-33,-1.2268618876106e-14,0.363425950609537,-1.34420224044778e-31,3.07061449368612,3.35573527804902,14.8748127634613,392.276113042627,0.012150585609624
769,0.798874939977974,3.01464369747476e-29,6.5599817739561e-33,-1.13031574169299e-14,0.364771767574374,3.00656378188913e-31,3.06978784014705,3.36328988981672,14.9082997420917,388.24781039334,0.012150585609624
768,0.798661603004674,-1.08359894056359e-27,3.01174270877842e-33,-1.39736017791216e-14,0.366112668079812,1.36942599822773e-31,3.06896293523398,3.37089323435987,14.9420027362448,384.25784694137,0.012150585609624
767,0.798446853381183,3.7729571871066e-28,1.21946736747577e-33,-1.2241133129543e-14,0.367448619744614,5.50292869108634e-32,3.06813986107703,3.37854490702542,14.9759199522338,380.306296706772,0.012150585609624
766,0.798230685076839,-8.56205042031146e-28,-1.62420882986397e-33,-1.15229257414943e-14,0.368779592389007,-7.31231072157824e-32,3.06731869828095,3.38624449223946,15.0100495479633,376.393217051844,0.012150585609624
765,0.798013092416902,3.26808605730188e-28,-3.33588784741156e-33,-1.03719717141793e-14,0.370105558059559,-1.50029096311833e-31,3.06649952587015,3.39399156394573,15.0443896348735,372.518648877622,0.012150585609624
764,0.797794070080399,1.0281753591813e-27,-6.48449795523103e-34,-1.11042021774861e-14,0.371426491049795,-2.9083270136943e-32,3.06568242123712,3.40178568605058,15.0789382799123,368.682616845593,0.012150585609624
763,0.797573613097578,8.95192294905999e-29,1.64533549391962e-33,-1.48684968335521e-14,0.372742367916466,7.3352610732837e-32,3.06486746009426,3.40962641287333,15.1136935075313,364.88512961923,0.012150585609624
762,0.797351716846959,-1.09632171803565e-27,3.70882659712419e-33,-9.78336211474861e-15,0.374053167491585,1.64921998479689e-31,3.0640547164292,3.41751328960035,15.1486533016993,361.126180126374,0.012150585609624
761,0.797128377052049,-6.61324885412841e-28,-9.30152149416368e-34,-8.20874489775137e-15,0.375358870890243,-4.14260431051815e-32,3.06324426246369,3.42544585274189,15.1838156079267,357.405745841817,0.012150585609624
760,0.796903589777664,5.43802690202263e-29,9.93765862921039e-34,-1.00031286618368e-14,0.376659461514334,4.37190329155565e-32,3.06243616861605,3.43342363059031,15.2191783352967,353.723789087454,0.012150585609624
759,0.796677351425952,-2.03709775041343e-28,-5.14415522686474e-33,-1.29518702001485e-14,0.377954925052185,-2.26678286912003e-31,3.0616305034672,3.44144614367852,15.2547393584979,350.080257349739,0.012150585609624
758,0.796449658732085,7.25556310172733e-29,6.25166283004687e-34,-1.05498252647157e-14,0.379245249474292,2.76458286249834e-32,3.06082733373024,3.44951290523748,15.2904965198514,346.475083612941,0.012150585609624
757,0.796220508759656,1.50356192792932e-27,1.07768146589036e-33,-8.48554881016284e-15,0.380530425025212,4.72110034538833e-32,3.0600267242236,3.45762342165177,15.3264476313311,342.908186708815,0.012150585609624
756,0.795989898895808,1.22810432911176e-27,-2.80204735060231e-34,-8.34012176444185e-15,0.381810444211717,-1.22139446648602e-32,3.05922873784777,3.46577719291201,15.3625904765685,339.379471676204,0.012150585609624
755,0.795757826846079,-8.93161567289247e-28,1.2714239652345e-33,-8.94080172969062e-15,0.383085301787431,5.55354312684404e-32,3.0584334355654,3.47397371306333,15.3989228128408,335.888830137312,0.012150585609624
754,0.795524290629039,2.69263408485954e-27,-2.15299458617031e-34,-9.21908691620326e-15,0.384354994734008,-9.62113620410035e-33,3.05764087638494,3.48221247064885,15.4354423730367,332.43614067959,0.012150585609624
753,0.795289288570675,3.47609363830135e-28,1.83262875371056e-33,-1.14762075290982e-14,0.385619522239022,7.93419190194856e-32,3.05685111734761,3.49049294914732,15.4721468675962,329.021269253621,0.012150585609624
752,0.795052819298588,7.41004832220957e-28,-1.81761493578568e-33,-1.06423425637042e-14,0.386878885670774,-7.98665186383706e-32,3.05606421351767,3.49881462740414,15.5090339864216,325.644069573349,0.012150585609624
751,0.794814881736003,1.43237597014025e-28,1.79381080783954e-33,-1.2875858584137e-14,0.388133088550093,7.89146033130747e-32,3.05528021797587,3.50717698005505,15.546101400755,322.304383528672,0.012150585609624
750,0.794575475095601,1.18488739403202e-27,-1.71595065381588e-33,-1.33560050700335e-14,0.389382136519409,-7.43545786075909e-32,3.05449918181608,3.51557947794166,15.5833467650202,319.002041599959,0.012150585609624
749,0.794334598873211,-1.65167971105181e-27,-3.909190584974e-33,-6.8829138360814e-15,0.39062603730915,-1.70385273044345e-31,3.05372115414488,3.52402158851839,15.6207677186272,315.736863279846,0.012150585609624
748,0.794092252841365,1.36866042979009e-27,-3.49757691169617e-33,-1.08611538151941e-14,0.391864800701765,-1.51451162357684e-31,3.05294618208412,3.53250277625009,15.6583618877341,312.50865749717,0.012150585609624
747,0.79384843704272,-1.04583454787913e-27,3.90986575954175e-33,-5.24270264142845e-15,0.393098438493389,1.69853385360485e-31,3.05217431077625,3.54102250300011,15.6961268869673,309.317223045965,0.012150585609624
746,0.793603151783416,-1.36047012381209e-27,2.05996614691723e-33,-5.28140369600873e-15,0.394326964453508,8.97391195327347e-32,3.05140558339238,3.5495802284079,15.7340603210956,306.162349012141,0.012150585609624
745,0.793356397626297,1.58181790232187e-28,-6.55617464162738e-34,-1.21480444112533e-14,0.395550394282661,-2.81052705920023e-32,3.05064004114284,3.55817541025635,15.7721597866583,303.043815203622,0.012150585609624
744,0.793108175384104,-2.38040968895752e-28,2.97669148761782e-33,-7.19432358671403e-15,0.396768745568388,1.29134355087549e-31,3.04987772329029,3.5668075048281,15.8104228735446,299.961392579638,0.012150585609624
743,0.792858486112591,7.51102254215198e-28,1.75460549984573e-33,-1.28463006760729e-14,0.397982037739672,7.6343279950312e-32,3.04911866716506,3.57547596725072,15.8488471665236,296.914843676601,0.012150585609624
742,0.792607331103596,-4.95323229790396e-28,1.35257155451413e-33,-1.21211785261886e-14,0.399190292019905,5.97457699144417e-32,3.04836290818272,3.58418025183055,15.8874302467241,293.903923033028,0.012150585609624
741,0.792354711878094,5.4390322374536e-28,1.25528102988435e-34,-1.32832160301608e-14,0.400393531378678,4.91811554957484e-33,3.04761047986375,3.59291981237499,15.9261696930636,290.928377611223,0.012150585609624
740,0.792100630179216,-1.01756171573959e-27,1.4645482280185e-33,-1.44018992616919e-14,0.40159178048247,6.4305136343089e-32,3.04686141385513,3.60169410250316,15.9650630836247,287.987947214753,0.012150585609624
739,0.79184508796528,1.1109743194417e-27,-1.75500608627997e-33,-1.73180675269368e-14,0.402785065644429,-7.76534859537385e-32,3.0461157399537,3.6105025759448,16.0041079969805,285.082364901264,0.012150585609624
738,0.791588087402816,-5.93874003935539e-28,2.06264746789855e-33,-1.61214115930394e-14,0.403973414773399,9.14725505222313e-32,3.04537348613127,3.6193446868274,16.043302013467,282.211357388417,0.012150585609624
737,0.791329630859603,-1.07895404290903e-27,-3.47059417355702e-33,-1.32613140943917e-14,0.405156857322345,-1.5358717665245e-31,3.04463467856124,3.62821988995158,16.0826427164044,279.374645455936,0.012150585609624
736,0.791069720897749,2.04226056674122e-28,-2.19145868987464e-33,-1.07241569540296e-14,0.406335424236277,-9.62175980385346e-32,3.04389934164668,3.63712764105472,16.1221276932645,276.571944339378,0.012150585609624
735,0.790808360266788,-4.16967179263115e-28,2.53061250364487e-34,-1.55605940007942e-14,0.40750914789985,1.0879517600335e-32,3.04316749804974,3.64606739706295,16.1617545367892,273.802964117718,0.012150585609624
734,0.790545551896833,9.78900098497885e-28,6.3427801726249e-34,-1.3516266069973e-14,0.408678062084754,2.76356605988488e-32,3.04243916872219,3.65503861633162,16.2015208460551,271.067410092113,0.012150585609624
733,0.790281298891775,-1.03816043927448e-27,-1.2250258256751e-34,-1.60327057896001e-14,0.40984220189706,-5.01271345745727e-33,3.0417143729371,3.66404075887419,16.2414242274889,268.364983156998,0.012150585609624
732,0.790015604522546,-3.2124365823927e-28,-3.49593930112868e-33,-1.7824130018283e-14,0.411001603724534,-1.58205929055701e-31,3.04099312832145,3.67307328658008,16.2814622958325,265.695380162904,0.012150585609624
731,0.789748472220449,-2.79238379854331e-28,-2.75374429030498e-33,-2.03732411525526e-14,0.412156305184139,-1.26492502063737e-31,3.04027545088959,3.68213566342122,16.3216326750593,263.058294270085,0.012150585609624
730,0.789479905570556,3.64573097720411e-28,9.74193422802367e-34,-2.03383080917208e-14,0.413306345069766,4.58581034956349e-32,3.03956135507748,3.69122735564786,16.3619329992413,260.453415292794,0.012150585609624
729,0.789209908305195,4.79683679565813e-28,7.20345417742294e-34,-1.70032683145349e-14,0.41445176330032,3.41202281653859e-32,3.03885085377752,3.70034783197362,16.4023609133699,257.880430034627,0.012150585609624
728,0.788938484297513,-3.57190466575778e-28,4.63048530624008e-34,-1.58425278172218e-14,0.415592600868228,2.20098856951355e-32,3.03814395837397,3.70949656375006,16.4429140741296,255.339022614385,0.012150585609624
727,0.788665637555137,5.32190271528456e-28,9.89079497552097e-34,-1.36764151154384e-14,0.416728899788476,4.67615884536769e-32,3.03744067877881,3.71867302513117,16.4835901506271,252.82887478012,0.012150585609624
726,0.788391372213927,-1.61300532850568e-28,-1.66048054476852e-33,-1.2666540416262e-14,0.417860703048221,-7.92421430589878e-32,3.03674102346798,3.72787669322781,16.5243868250758,250.349666216168,0.012150585609624
725,0.788115692531822,1.82415610240604e-28,-5.84006164639652e-34,-1.17298376094529e-14,0.4189880545571,-2.69655347793321e-32,3.03604499951783,3.73710704825256,16.565301793438,247.901074838805,0.012150585609624
724,0.787838602882801,8.02297275848651e-29,-4.92569601876971e-34,-9.58774743709828e-15,0.42011099909825,-2.36465970094464e-32,3.03535261264182,3.74636357365504,16.6063327660248,245.482777080282,0.012150585609624
723,0.787560107750942,4.72413498655808e-28,1.21546336280215e-33,-1.43933216976306e-14,0.421229582280108,5.99645059032427e-32,3.03466386722736,3.75564575624828,16.6474774680559,243.094448166839,0.012150585609624
722,0.78728021172459,1.78780537841194e-28,1.63273263327537e-33,-1.51610355239904e-14,0.422343850489078,8.167541636519e-32,3.03397876637265,3.76495308632617,16.6887336401807,240.735762380486,0.012150585609624
721,0.786998919490638,-4.08081468130447e-28,-3.59360745331866e-34,-1.73052889756157e-14,0.423453850843101,-1.88162556230474e-32,3.03329731192348,3.77428505777221,16.7300990389598,238.406393316022,0.012150585609624
720,0.786716235828929,-2.23904546807453e-28,1.84413978214099e-33,-1.76861671637219e-14,0.424559631146104,9.36080946192572e-32,3.03261950450999,3.7836411681604,16.7715714373129,236.10601412632,0.012150585609624
719,0.786432165606761,-6.43149403045173e-28,-1.17105906369984e-33,-1.34095464817985e-14,0.425661239843473,-5.9676274688421e-32,3.03194534358329,3.79302091884776,16.8131486249281,233.834297756338,0.012150585609624
718,0.786146713773521,1.14560909402212e-28,-2.86713908754103e-34,-1.71013341062443e-14,0.426758725978525,-1.4625618262366e-32,3.0312748274518,3.80242381505933,16.8548284086393,231.590917169779,0.012150585609624
717,0.78585988535543,4.21522460989953e-28,-6.73540814276901e-34,-1.20500118365729e-14,0.427852139149976,-3.62951748330514e-32,3.03060795331743,3.81184936596594,16.8966086127709,229.375545561569,0.012150585609624
716,0.785571685450415,-8.81952895754156e-29,4.63715035920924e-33,-1.00825589977849e-14,0.428941529470517,2.49570051979012e-31,3.02994471731137,3.82129708475461,16.9384870794493,227.187856565771,0.012150585609624
715,0.785282119223095,1.85242849067891e-28,4.23518565784174e-33,-1.71863323279186e-14,0.430026947526424,2.33376065643892e-31,3.0292851145296,3.83076648869234,16.9804616688863,225.027524451676,0.012150585609624
714,0.784991191899891,1.16580392898281e-28,9.29933948277496e-34,-1.13559494145316e-14,0.431108444338258,5.19715204758434e-32,3.02862913906798,3.84025709918328,17.0225302596321,222.894224309632,0.012150585609624
713,0.78469890876427,1.13349210577701e-28,-3.10243668971917e-33,-2.17413989216331e-14,0.432186071322719,-1.73592491831128e-31,3.02797678405689,3.84976844181969,17.0646907488016,220.787632229539,0.012150585609624
712,0.784405275152076,1.47983882843097e-29,2.91587398130016e-33,-9.2369336561114e-15,0.433259880255544,1.63906794538545e-31,3.02732804169549,3.85930004642689,17.1069410522731,218.707425468127,0.012150585609624
711,0.784110296447039,-1.13034922884901e-28,5.12279336062399e-34,-5.73618269862807e-15,0.434329923235557,2.90412932336751e-32,3.02668290328535,3.8688514471025,17.1492791048626,216.653282611139,0.012150585609624
710,0.783813978076346,8.32589084423013e-29,-3.95569461086047e-34,-7.27745790611362e-15,0.435396252649854,-2.24576785131377e-32,3.02604135926373,3.87842218225019,17.1917028604734,214.624883722006,0.012150585609624
709,0.783516325506374,1.85444785079509e-28,-6.24513112221812e-33,-4.95017502298541e-15,0.436458921140044,-3.55430371236664e-31,3.02540339923617,3.88801179460836,17.2342102922232,212.621910486224,0.012150585609624
708,0.783217344238526,1.48084329117494e-28,-4.0656499850944e-33,-6.09328703862518e-15,0.437517981569672,-2.28763613890362e-31,3.0247690120086,3.89761983127367,17.2767993925481,210.644046347148,0.012150585609624
707,0.782917039805194,-3.5890643404504e-29,1.46893227093409e-33,-1.7464532422018e-15,0.438573486992694,8.15018193594605e-32,3.02413818561884,3.90724584372001,17.3194681732874,208.690976631064,0.012150585609624
706,0.782615417765844,-6.09322548553255e-29,1.04295030980097e-32,-2.09378205053208e-14,0.43962549062312,5.05042025994633e-31,3.02351090736748,3.91688938781286,17.3622146657464,206.762388667108,0.012150585609624
705,0.782312483703193,-1.44538899729199e-28,1.59190293902551e-33,-1.09589346739767e-14,0.440674045805643,3.62330617115539e-32,3.02288716384821,3.92655002381964,17.4050369207427,204.857971896906,0.012150585609624
704,0.782008243219562,9.51738485806542e-29,-5.52074301409946e-33,-7.67272293924395e-15,0.44171920598746,2.1795959829218e-31,3.02226694097737,3.93622731641566,17.4479330086327,202.977417984791,0.012150585609624
703,0.781702701933271,-7.04238251803621e-29,-2.68302518364733e-31,-6.08363112136739e-15,0.442761024691079,8.92425862050491e-29,3.02165022402308,3.94592083468658,17.4909010193225,201.120420909004,0.012150585609624
702,0.781395865475205,1.84334697115157e-29,2.12953896658526e-31,-4.75485986903388e-15,0.443799555488211,1.17147962948259e-28,3.02103699763353,3.95563015212711,17.5339390622616,199.28667705574,0.012150585609624
701,0.781087739485422,1.96935075979996e-23,-2.43238587619032e-23,1.55685203197384e-13,0.444834851974353,2.98073903179336e-20,3.02042724586505,3.96535484663763,17.5770452664285,197.475885345838,0.012150585609624
700,0.780778329610116,-1.355253558174e-23,-2.39977492764466e-23,1.27114752455868e-13,0.445866967746061,1.73188021900271e-20,3.01982095220779,3.9750945005109,17.6202177802718,195.687747139773,0.012150585609624
699,0.780467641498209,-7.30566759573678e-24,-5.8321464783882e-24,1.06935684156451e-13,0.446895956375825,2.97093122652331e-21,3.01921809961425,3.98484870042938,17.6634547716977,193.921966569509,0.012150585609624
698,0.780155680798536,2.82697161889392e-23,-2.41143082244881e-23,8.96722592211066e-14,0.447921871391394,9.04252986022699e-21,3.01861867052351,3.99461703744571,17.7067544279843,192.178250431023,0.012150585609624
697,0.779842453156898,-1.37642938185606e-23,-3.37795680897361e-24,6.74662026408899e-14,0.44894476625426,1.01765612490405e-21,3.01802264688674,4.0043991069678,17.7501149557149,190.456308288286,0.012150585609624
696,0.779527964213262,-1.40819311737855e-23,-1.31887100380909e-24,4.58449578449381e-14,0.449964694339478,3.16591165204268e-22,3.01743001019154,4.01419450873977,17.7935345806936,188.755852526795,0.012150585609624
695,0.779212219599072,-7.41162254520715e-25,-1.10232825415836e-23,2.91799573808007e-14,0.450981708916364,2.21679505446458e-21,3.01684074148578,4.0240028468205,17.8370115478507,187.076598405283,0.012150585609624
694,0.778895224934652,-4.55281051715919e-24,2.47569522748788e-24,1.37367643275171e-14,0.451995863130153,-4.32162823575768e-22,3.01625482140061,4.03382372956018,17.8805441211381,185.418264100935,0.012150585609624
693,0.778576985826729,-4.97632699077633e-24,-7.70947521787992e-24,-3.1742655544214e-15,0.45300720998441,1.13372228741118e-21,3.01567223017298,4.04365676957459,17.9241305834156,183.78057074848,0.012150585609624
692,0.778257507866025,-2.67874253825644e-23,-3.64724014029002e-24,-1.72764297709709e-14,0.454015802324444,4.53480851512105e-22,3.01509294766738,4.05350158371752,17.9677692363287,182.163242476057,0.012150585609624
691,0.777936796624971,-2.35051727119593e-23,-7.23064303595002e-24,-2.95378593992911e-14,0.455021692821431,7.91603150023251e-22,3.01451695339705,4.06335779305142,18.0114584001785,180.566006434503,0.012150585609624
690,0.777614857655511,-4.97631940768537e-23,3.57937848987787e-24,-3.33507406452993e-14,0.456024933957341,-3.44873899969059e-22,3.01394422654453,4.07322502281643,18.0551964137843,178.98859282956,0.012150585609624
689,0.777291696486985,1.16466187681658e-24,-2.07273030114979e-24,-4.58177429765468e-14,0.457025578010757,1.77670077011028e-22,3.0133747459815,4.08310290239774,18.0989816343388,177.43073494069,0.012150585609624
688,0.776967318624104,-1.58819520174295e-24,-8.78316444340758e-25,-5.71250123912376e-14,0.458023677043333,6.7859658194009e-23,3.01280849028814,4.09299106529158,18.1428124372578,175.892169142668,0.012150585609624
687,0.77664172954504,-1.3976052055333e-23,-4.44079830585448e-24,-5.09150437641558e-14,0.459019282887025,2.94889446785611e-22,3.01224543777184,4.10288914907006,18.1866872160239,174.3726349197,0.012150585609624
